[chassis cross-ref] Caterpillar Pirate Edition <- Caterpillar (byte-identical to 1 sibling(s): ['Caterpillar'])
[chassis cross-ref] P-72 Archimedes Emerald <- P-72 Archimedes (byte-identical to 1 sibling(s): ['P-72 Archimedes'])
[chassis cross-ref] Pulse <- Pulse LX (byte-identical to 1 sibling(s): ['Pulse LX'])
[chassis cross-ref] Ursa Fortuna <- Ursa (byte-identical to 1 sibling(s): ['Ursa'])
[.cache] MISSING - model.glb not found
18:31:57 | INFO: Data are loaded, start creating Blender stuff
18:31:57 | INFO: Blender create Mesh node 0
18:31:57 | INFO: glTF import finished in 0.52s
INFO Draco mesh compression is available, use library at C:\Program Files\Blender Foundation\Blender 4.5\4.5\scripts\addons_core\io_scene_gltf2\extern_draco.dll
18:31:58 | INFO: Starting glTF 2.0 export
18:31:58 | INFO: Extracting primitive: Mesh_0
18:31:59 | INFO: Primitives created: 1
18:31:59 | INFO: Finished glTF 2.0 export in 0.7263665199279785 s

[100i] RESCALED (1.0, 1.0, 1.0) -> 0.01, written to model_scaled.glb
18:31:59 | INFO: Data are loaded, start creating Blender stuff
18:31:59 | INFO: Blender create Mesh node 0
18:32:00 | INFO: glTF import finished in 0.66s
18:32:00 | INFO: Starting glTF 2.0 export
18:32:00 | INFO: Extracting primitive: Mesh_0
18:32:01 | INFO: Primitives created: 1
18:32:01 | INFO: Finished glTF 2.0 export in 0.8598079681396484 s

[125a] RESCALED (1.0, 1.0, 1.0) -> 0.01, written to model_scaled.glb
18:32:01 | INFO: Data are loaded, start creating Blender stuff
18:32:01 | INFO: Blender create Mesh node 0
18:32:01 | INFO: glTF import finished in 0.59s
18:32:01 | INFO: Starting glTF 2.0 export
18:32:01 | INFO: Extracting primitive: Mesh_0
18:32:02 | INFO: Primitives created: 1
18:32:02 | INFO: Finished glTF 2.0 export in 0.7437441349029541 s

[135c] RESCALED (1.0, 1.0, 1.0) -> 0.01, written to model_scaled.glb
18:32:02 | INFO: Data are loaded, start creating Blender stuff
18:32:02 | INFO: Blender create Mesh node 0
18:32:03 | INFO: glTF import finished in 0.35s
18:32:03 | INFO: Starting glTF 2.0 export
18:32:03 | INFO: Extracting primitive: Mesh_0
18:32:03 | INFO: Primitives created: 1
18:32:03 | INFO: Finished glTF 2.0 export in 0.45157313346862793 s

[300i] RESCALED (1.0, 1.0, 1.0) -> 0.01, written to model_scaled.glb
18:32:03 | INFO: Data are loaded, start creating Blender stuff
18:32:03 | INFO: Blender create Mesh node 0
18:32:04 | INFO: glTF import finished in 0.72s
18:32:04 | INFO: Starting glTF 2.0 export
18:32:04 | INFO: Extracting primitive: Mesh_0
18:32:05 | INFO: Primitives created: 1
18:32:05 | INFO: Finished glTF 2.0 export in 0.7866408824920654 s

[315p] RESCALED (1.0, 1.0, 1.0) -> 0.01, written to model_scaled.glb
18:32:05 | INFO: Data are loaded, start creating Blender stuff
18:32:05 | INFO: Blender create Mesh node 0
18:32:05 | INFO: glTF import finished in 0.74s
18:32:05 | INFO: Starting glTF 2.0 export
18:32:06 | INFO: Extracting primitive: Mesh_0
18:32:06 | INFO: Primitives created: 1
18:32:06 | INFO: Finished glTF 2.0 export in 0.7263321876525879 s

[325a] RESCALED (1.0, 1.0, 1.0) -> 0.01, written to model_scaled.glb
18:32:06 | INFO: Data are loaded, start creating Blender stuff
18:32:06 | INFO: Blender create Mesh node 0
18:32:07 | INFO: glTF import finished in 0.37s
18:32:07 | INFO: Starting glTF 2.0 export
18:32:07 | INFO: Extracting primitive: Mesh_0
18:32:07 | INFO: Primitives created: 1
18:32:07 | INFO: Finished glTF 2.0 export in 0.49967002868652344 s

[350r] RESCALED (1.0, 1.0, 1.0) -> 0.01, written to model_scaled.glb
18:32:07 | INFO: Data are loaded, start creating Blender stuff
18:32:07 | INFO: Blender create Mesh node 0
18:32:08 | INFO: glTF import finished in 0.83s
18:32:08 | INFO: Starting glTF 2.0 export
18:32:08 | INFO: Extracting primitive: Mesh_0
18:32:09 | INFO: Primitives created: 1
18:32:09 | INFO: Finished glTF 2.0 export in 1.1769232749938965 s

[400i] RESCALED (1.0, 1.0, 1.0) -> 0.01, written to model_scaled.glb
18:32:09 | INFO: Data are loaded, start creating Blender stuff
18:32:09 | INFO: Blender create Mesh node 0
18:32:10 | INFO: glTF import finished in 0.64s
18:32:10 | INFO: Starting glTF 2.0 export
18:32:10 | INFO: Extracting primitive: Mesh_0
18:32:11 | INFO: Primitives created: 1
18:32:11 | INFO: Finished glTF 2.0 export in 0.8998079299926758 s

[600i Explorer] RESCALED (1.0, 1.0, 1.0) -> 0.01, written to model_scaled.glb
18:32:11 | INFO: Data are loaded, start creating Blender stuff
18:32:11 | INFO: Blender create Mesh node 0
18:32:12 | INFO: glTF import finished in 0.81s
18:32:12 | INFO: Starting glTF 2.0 export
18:32:12 | INFO: Extracting primitive: Mesh_0
18:32:13 | INFO: Primitives created: 1
18:32:13 | INFO: Finished glTF 2.0 export in 1.012510061264038 s

[600i Touring] RESCALED (1.0, 1.0, 1.0) -> 0.01, written to model_scaled.glb
[85X] MISSING - model.glb not found
18:32:13 | INFO: Data are loaded, start creating Blender stuff
18:32:13 | INFO: Blender create Mesh node 0
18:32:13 | INFO: glTF import finished in 0.50s
18:32:13 | INFO: Starting glTF 2.0 export
18:32:14 | INFO: Extracting primitive: Mesh_0
18:32:14 | INFO: Primitives created: 1
18:32:14 | INFO: Finished glTF 2.0 export in 0.6170046329498291 s

[890 Jump] RESCALED (1.0, 1.0, 1.0) -> 0.01, written to model_scaled.glb
18:32:14 | INFO: Data are loaded, start creating Blender stuff
18:32:14 | INFO: Blender create Mesh node 0
18:32:15 | INFO: glTF import finished in 1.37s
18:32:15 | INFO: Starting glTF 2.0 export
18:32:16 | INFO: Extracting primitive: Mesh_0
18:32:18 | INFO: Primitives created: 1
18:32:18 | INFO: Finished glTF 2.0 export in 2.124777317047119 s

[A1 Spirit] RESCALED (1.0, 1.0, 1.0) -> 0.01, written to model_scaled.glb
18:32:18 | INFO: Data are loaded, start creating Blender stuff
18:32:18 | INFO: Blender create Mesh node 0
18:32:19 | INFO: glTF import finished in 1.37s
18:32:19 | INFO: Starting glTF 2.0 export
18:32:19 | INFO: Extracting primitive: Mesh_0
18:32:21 | INFO: Primitives created: 1
18:32:21 | INFO: Finished glTF 2.0 export in 1.7864656448364258 s

[A2 Hercules] RESCALED (1.0, 1.0, 1.0) -> 0.01, written to model_scaled.glb
18:32:21 | INFO: Data are loaded, start creating Blender stuff
18:32:21 | INFO: Blender create Mesh node 0
18:32:21 | INFO: glTF import finished in 0.41s
18:32:21 | INFO: Starting glTF 2.0 export
18:32:21 | INFO: Extracting primitive: Mesh_0
18:32:22 | INFO: Primitives created: 1
18:32:22 | INFO: Finished glTF 2.0 export in 0.4694993495941162 s

[ATLS] RESCALED (1.0, 1.0, 1.0) -> 0.01, written to model_scaled.glb
18:32:22 | INFO: Data are loaded, start creating Blender stuff
18:32:22 | INFO: Blender create Mesh node 0
18:32:23 | INFO: glTF import finished in 0.59s
18:32:23 | INFO: Starting glTF 2.0 export
18:32:23 | INFO: Extracting primitive: Mesh_0
18:32:23 | INFO: Primitives created: 1
18:32:23 | INFO: Finished glTF 2.0 export in 0.6916365623474121 s

[ATLS GEO] RESCALED (1.0, 1.0, 1.0) -> 0.01, written to model_scaled.glb
18:32:23 | INFO: Data are loaded, start creating Blender stuff
18:32:23 | INFO: Blender create Mesh node 0
18:32:24 | INFO: glTF import finished in 0.45s
18:32:24 | INFO: Starting glTF 2.0 export
18:32:24 | INFO: Extracting primitive: Mesh_0
18:32:24 | INFO: Primitives created: 1
18:32:24 | INFO: Finished glTF 2.0 export in 0.5642926692962646 s

[Anvil Ballista Dunestalker] RESCALED (1.0, 1.0, 1.0) -> 0.01, written to model_scaled.glb
18:32:24 | INFO: Data are loaded, start creating Blender stuff
18:32:24 | INFO: Blender create Mesh node 0
18:32:25 | INFO: glTF import finished in 0.40s
18:32:25 | INFO: Starting glTF 2.0 export
18:32:25 | INFO: Extracting primitive: Mesh_0
18:32:25 | INFO: Primitives created: 1
18:32:25 | INFO: Finished glTF 2.0 export in 0.5540902614593506 s

[Anvil Ballista Snowblind] RESCALED (1.0, 1.0, 1.0) -> 0.01, written to model_scaled.glb
18:32:26 | INFO: Data are loaded, start creating Blender stuff
18:32:26 | INFO: Blender create Mesh node 0
18:32:27 | INFO: glTF import finished in 1.06s
18:32:27 | INFO: Starting glTF 2.0 export
18:32:27 | INFO: Extracting primitive: Mesh_0
18:32:28 | INFO: Primitives created: 1
18:32:28 | INFO: Finished glTF 2.0 export in 1.4941143989562988 s

[Apollo Medivac] RESCALED (1.0, 1.0, 1.0) -> 0.01, written to model_scaled.glb
18:32:28 | INFO: Data are loaded, start creating Blender stuff
18:32:28 | INFO: Blender create Mesh node 0
18:32:29 | INFO: glTF import finished in 1.15s
18:32:29 | INFO: Starting glTF 2.0 export
18:32:30 | INFO: Extracting primitive: Mesh_0
18:32:31 | INFO: Primitives created: 1
18:32:31 | INFO: Finished glTF 2.0 export in 1.416175365447998 s

[Apollo Triage] RESCALED (1.0, 1.0, 1.0) -> 0.01, written to model_scaled.glb
18:32:31 | INFO: Data are loaded, start creating Blender stuff
18:32:31 | INFO: Blender create Mesh node 0
18:32:31 | INFO: glTF import finished in 0.35s
18:32:31 | INFO: Starting glTF 2.0 export
18:32:31 | INFO: Extracting primitive: Mesh_0
18:32:32 | INFO: Primitives created: 1
18:32:32 | INFO: Finished glTF 2.0 export in 0.5371594429016113 s

[Ares Inferno] RESCALED (1.0, 1.0, 1.0) -> 0.01, written to model_scaled.glb
18:32:32 | INFO: Data are loaded, start creating Blender stuff
18:32:32 | INFO: Blender create Mesh node 0
18:32:32 | INFO: glTF import finished in 0.32s
18:32:32 | INFO: Starting glTF 2.0 export
18:32:32 | INFO: Extracting primitive: Mesh_0
18:32:33 | INFO: Primitives created: 1
18:32:33 | INFO: Finished glTF 2.0 export in 0.4422760009765625 s

[Ares Ion] RESCALED (1.0, 1.0, 1.0) -> 0.01, written to model_scaled.glb
18:32:33 | INFO: Data are loaded, start creating Blender stuff
18:32:33 | INFO: Blender create Mesh node 0
18:32:34 | INFO: glTF import finished in 1.41s
18:32:34 | INFO: Starting glTF 2.0 export
18:32:34 | INFO: Extracting primitive: Mesh_0
18:32:36 | INFO: Primitives created: 1
18:32:36 | INFO: Finished glTF 2.0 export in 1.6329140663146973 s

[Argo Mole Carbon Edition] RESCALED (1.0, 1.0, 1.0) -> 0.01, written to model_scaled.glb
18:32:36 | INFO: Data are loaded, start creating Blender stuff
18:32:36 | INFO: Blender create Mesh node 0
18:32:37 | INFO: glTF import finished in 1.16s
18:32:37 | INFO: Starting glTF 2.0 export
18:32:37 | INFO: Extracting primitive: Mesh_0
18:32:39 | INFO: Primitives created: 1
18:32:39 | INFO: Finished glTF 2.0 export in 1.575312852859497 s
  File "C:\Program Files\Blender Foundation\Blender 4.5\4.5\scripts\addons_core\io_scene_gltf2\io\com\gltf2_io.py", line 38, in from_union
    return f(x)
           ^^^^
  File "C:\Program Files\Blender Foundation\Blender 4.5\4.5\scripts\addons_core\io_scene_gltf2\io\com\gltf2_io.py", line 242, in <lambda>
    max = from_union([lambda x: from_list(from_float, x), from_none], obj.get("max"))
                                ^^^^^^^^^^^^^^^^^^^^^^^^
  File "C:\Program Files\Blender Foundation\Blender 4.5\4.5\scripts\addons_core\io_scene_gltf2\io\com\gltf2_io.py", line 63, in from_list
    return [f(y) for y in x]
           ^^^^^^^^^^^^^^^^^
  File "C:\Program Files\Blender Foundation\Blender 4.5\4.5\scripts\addons_core\io_scene_gltf2\io\com\gltf2_io.py", line 63, in <listcomp>
    return [f(y) for y in x]
            ^^^^
  File "C:\Program Files\Blender Foundation\Blender 4.5\4.5\scripts\addons_core\io_scene_gltf2\io\com\gltf2_io.py", line 67, in from_float
    assert isinstance(x, (float, int)) and not isinstance(x, bool)
           ^^^^^^^^^^^^^^^^^^^^^^^^^^^^^^^^^^^^^^^^^^^^^^^^^^^^^^^
  File "C:\Program Files\Blender Foundation\Blender 4.5\4.5\scripts\addons_core\io_scene_gltf2\io\com\gltf2_io.py", line 38, in from_union
    return f(x)
           ^^^^
  File "C:\Program Files\Blender Foundation\Blender 4.5\4.5\scripts\addons_core\io_scene_gltf2\io\com\gltf2_io.py", line 30, in from_none
    assert x is None
           ^^^^^^^^^
  File "C:\Program Files\Blender Foundation\Blender 4.5\4.5\scripts\addons_core\io_scene_gltf2\io\com\gltf2_io.py", line 38, in from_union
    return f(x)
           ^^^^
  File "C:\Program Files\Blender Foundation\Blender 4.5\4.5\scripts\addons_core\io_scene_gltf2\io\com\gltf2_io.py", line 1157, in <lambda>
    accessors = from_union([lambda x: from_list(Accessor.from_dict, x), from_none], obj.get("accessors"))
                                      ^^^^^^^^^^^^^^^^^^^^^^^^^^^^^^^^
  File "C:\Program Files\Blender Foundation\Blender 4.5\4.5\scripts\addons_core\io_scene_gltf2\io\com\gltf2_io.py", line 63, in from_list
    return [f(y) for y in x]
           ^^^^^^^^^^^^^^^^^
  File "C:\Program Files\Blender Foundation\Blender 4.5\4.5\scripts\addons_core\io_scene_gltf2\io\com\gltf2_io.py", line 63, in <listcomp>
    return [f(y) for y in x]
            ^^^^
  File "C:\Program Files\Blender Foundation\Blender 4.5\4.5\scripts\addons_core\io_scene_gltf2\io\com\gltf2_io.py", line 242, in from_dict
    max = from_union([lambda x: from_list(from_float, x), from_none], obj.get("max"))
          ^^^^^^^^^^^^^^^^^^^^^^^^^^^^^^^^^^^^^^^^^^^^^^^^^^^^^^^^^^^^^^^^^^^^^^^^^^^
  File "C:\Program Files\Blender Foundation\Blender 4.5\4.5\scripts\addons_core\io_scene_gltf2\io\com\gltf2_io.py", line 48, in from_union
    assert False
           ^^^^^
  File "C:\Program Files\Blender Foundation\Blender 4.5\4.5\scripts\addons_core\io_scene_gltf2\io\com\gltf2_io.py", line 38, in from_union
    return f(x)
           ^^^^
  File "C:\Program Files\Blender Foundation\Blender 4.5\4.5\scripts\addons_core\io_scene_gltf2\io\com\gltf2_io.py", line 30, in from_none
    assert x is None
           ^^^^^^^^^
Traceback (most recent call last):
  File "C:\Program Files\Blender Foundation\Blender 4.5\4.5\scripts\addons_core\io_scene_gltf2\io\imp\gltf2_io_gltf.py", line 162, in read
    self.data = gltf_from_dict(gltf)
                ^^^^^^^^^^^^^^^^^^^^
  File "C:\Program Files\Blender Foundation\Blender 4.5\4.5\scripts\addons_core\io_scene_gltf2\io\com\gltf2_io.py", line 1213, in gltf_from_dict
    return Gltf.from_dict(s)
           ^^^^^^^^^^^^^^^^^
  File "C:\Program Files\Blender Foundation\Blender 4.5\4.5\scripts\addons_core\io_scene_gltf2\io\com\gltf2_io.py", line 1157, in from_dict
    accessors = from_union([lambda x: from_list(Accessor.from_dict, x), from_none], obj.get("accessors"))
                ^^^^^^^^^^^^^^^^^^^^^^^^^^^^^^^^^^^^^^^^^^^^^^^^^^^^^^^^^^^^^^^^^^^^^^^^^^^^^^^^^^^^^^^^^
  File "C:\Program Files\Blender Foundation\Blender 4.5\4.5\scripts\addons_core\io_scene_gltf2\io\com\gltf2_io.py", line 48, in from_union
    assert False
           ^^^^^
AssertionError

[Argo Mole Talus Edition] RESCALED (1.0, 1.0, 1.0) -> 0.01, written to model_scaled.glb
[Arrastra] MISSING - model.glb not found
ERROR An error occurred on line 38 in statement return f(x)
ERROR An error occurred on line 242 in statement max = from_union([lambda x: from_list(from_float, x), from_none], obj.get("max"))
ERROR An error occurred on line 63 in statement return [f(y) for y in x]
ERROR An error occurred on line 63 in statement return [f(y) for y in x]
ERROR An error occurred on line 67 in statement assert isinstance(x, (float, int)) and not isinstance(x, bool)
ERROR An error occurred on line 38 in statement return f(x)
ERROR An error occurred on line 30 in statement assert x is None
ERROR An error occurred on line 38 in statement return f(x)
ERROR An error occurred on line 1157 in statement accessors = from_union([lambda x: from_list(Accessor.from_dict, x), from_none], obj.get("accessors"))
ERROR An error occurred on line 63 in statement return [f(y) for y in x]
ERROR An error occurred on line 63 in statement return [f(y) for y in x]
ERROR An error occurred on line 242 in statement max = from_union([lambda x: from_list(from_float, x), from_none], obj.get("max"))
ERROR An error occurred on line 48 in statement assert False
ERROR An error occurred on line 38 in statement return f(x)
ERROR An error occurred on line 30 in statement assert x is None
Error: Couldn't parse glTF. Check that the file is valid
[Asgard] CORRUPT - model.glb failed to load: Error: Couldn't parse glTF. Check that the file is valid

18:32:39 | INFO: Data are loaded, start creating Blender stuff
18:32:39 | INFO: Data are loaded, start creating Blender stuff
18:32:39 | INFO: Blender create Mesh node 0
18:32:39 | INFO: Blender create Mesh node 0
18:32:39 | INFO: glTF import finished in 0.55s
18:32:39 | INFO: glTF import finished in 0.55s
18:32:39 | INFO: Starting glTF 2.0 export
18:32:39 | INFO: Starting glTF 2.0 export
18:32:39 | INFO: Extracting primitive: Mesh_0
18:32:39 | INFO: Extracting primitive: Mesh_0
18:32:40 | INFO: Primitives created: 1
18:32:40 | INFO: Primitives created: 1
18:32:40 | INFO: Finished glTF 2.0 export in 0.6485276222229004 s
18:32:40 | INFO: Finished glTF 2.0 export in 0.6485276222229004 s

[Aurora CL] RESCALED (1.0, 1.0, 1.0) -> 0.01, written to model_scaled.glb
18:32:40 | INFO: Data are loaded, start creating Blender stuff
18:32:40 | INFO: Data are loaded, start creating Blender stuff
18:32:40 | INFO: Blender create Mesh node 0
18:32:40 | INFO: Blender create Mesh node 0
18:32:41 | INFO: glTF import finished in 0.53s
18:32:41 | INFO: glTF import finished in 0.53s
18:32:41 | INFO: Starting glTF 2.0 export
18:32:41 | INFO: Starting glTF 2.0 export
18:32:41 | INFO: Extracting primitive: Mesh_0
18:32:41 | INFO: Extracting primitive: Mesh_0
18:32:41 | INFO: Primitives created: 1
18:32:41 | INFO: Primitives created: 1
18:32:41 | INFO: Finished glTF 2.0 export in 0.6986231803894043 s
18:32:41 | INFO: Finished glTF 2.0 export in 0.6986231803894043 s

[Aurora ES] RESCALED (1.0, 1.0, 1.0) -> 0.01, written to model_scaled.glb
18:32:41 | INFO: Data are loaded, start creating Blender stuff
18:32:41 | INFO: Data are loaded, start creating Blender stuff
18:32:41 | INFO: Blender create Mesh node 0
18:32:41 | INFO: Blender create Mesh node 0
18:32:42 | INFO: glTF import finished in 0.50s
18:32:42 | INFO: glTF import finished in 0.50s
18:32:42 | INFO: Starting glTF 2.0 export
18:32:42 | INFO: Starting glTF 2.0 export
18:32:42 | INFO: Extracting primitive: Mesh_0
18:32:42 | INFO: Extracting primitive: Mesh_0
18:32:43 | INFO: Primitives created: 1
18:32:43 | INFO: Primitives created: 1
18:32:43 | INFO: Finished glTF 2.0 export in 0.6785745620727539 s
18:32:43 | INFO: Finished glTF 2.0 export in 0.6785745620727539 s

[Aurora LN] RESCALED (1.0, 1.0, 1.0) -> 0.01, written to model_scaled.glb
18:32:43 | INFO: Data are loaded, start creating Blender stuff
18:32:43 | INFO: Data are loaded, start creating Blender stuff
18:32:43 | INFO: Blender create Mesh node 0
18:32:43 | INFO: Blender create Mesh node 0
18:32:43 | INFO: glTF import finished in 0.06s
18:32:43 | INFO: glTF import finished in 0.06s
18:32:43 | INFO: Starting glTF 2.0 export
18:32:43 | INFO: Starting glTF 2.0 export
18:32:43 | INFO: Extracting primitive: Mesh_0
18:32:43 | INFO: Extracting primitive: Mesh_0
18:32:43 | INFO: Primitives created: 1
18:32:43 | INFO: Primitives created: 1
18:32:43 | INFO: Finished glTF 2.0 export in 0.07039952278137207 s
18:32:43 | INFO: Finished glTF 2.0 export in 0.07039952278137207 s

[Aurora LX] RESCALED (1.0, 1.0, 1.0) -> 0.01, written to model_scaled.glb
18:32:43 | INFO: Data are loaded, start creating Blender stuff
18:32:43 | INFO: Data are loaded, start creating Blender stuff
18:32:43 | INFO: Blender create Mesh node 0
18:32:43 | INFO: Blender create Mesh node 0
18:32:43 | INFO: glTF import finished in 0.46s
18:32:43 | INFO: glTF import finished in 0.46s
18:32:43 | INFO: Starting glTF 2.0 export
18:32:43 | INFO: Starting glTF 2.0 export
18:32:43 | INFO: Extracting primitive: Mesh_0
18:32:43 | INFO: Extracting primitive: Mesh_0
18:32:44 | INFO: Primitives created: 1
18:32:44 | INFO: Primitives created: 1
18:32:44 | INFO: Finished glTF 2.0 export in 0.6045475006103516 s
18:32:44 | INFO: Finished glTF 2.0 export in 0.6045475006103516 s

[Aurora MR] RESCALED (1.0, 1.0, 1.0) -> 0.01, written to model_scaled.glb
18:32:44 | INFO: Data are loaded, start creating Blender stuff
18:32:44 | INFO: Data are loaded, start creating Blender stuff
18:32:44 | INFO: Blender create Mesh node 0
18:32:44 | INFO: Blender create Mesh node 0
18:32:44 | INFO: glTF import finished in 0.29s
18:32:44 | INFO: glTF import finished in 0.29s
18:32:44 | INFO: Starting glTF 2.0 export
18:32:44 | INFO: Starting glTF 2.0 export
18:32:44 | INFO: Extracting primitive: Mesh_0
18:32:44 | INFO: Extracting primitive: Mesh_0
18:32:45 | INFO: Primitives created: 1
18:32:45 | INFO: Primitives created: 1
18:32:45 | INFO: Finished glTF 2.0 export in 0.3872349262237549 s
18:32:45 | INFO: Finished glTF 2.0 export in 0.3872349262237549 s

[Avenger Stalker] RESCALED (1.0, 1.0, 1.0) -> 0.01, written to model_scaled.glb
18:32:45 | INFO: Data are loaded, start creating Blender stuff
18:32:45 | INFO: Data are loaded, start creating Blender stuff
18:32:45 | INFO: Blender create Mesh node 0
18:32:45 | INFO: Blender create Mesh node 0
18:32:45 | INFO: glTF import finished in 0.41s
18:32:45 | INFO: glTF import finished in 0.41s
18:32:45 | INFO: Starting glTF 2.0 export
18:32:45 | INFO: Starting glTF 2.0 export
18:32:45 | INFO: Extracting primitive: Mesh_0
18:32:45 | INFO: Extracting primitive: Mesh_0
18:32:46 | INFO: Primitives created: 1
18:32:46 | INFO: Primitives created: 1
18:32:46 | INFO: Finished glTF 2.0 export in 0.5381143093109131 s
18:32:46 | INFO: Finished glTF 2.0 export in 0.5381143093109131 s

[Avenger Titan] RESCALED (1.0, 1.0, 1.0) -> 0.01, written to model_scaled.glb
18:32:46 | INFO: Data are loaded, start creating Blender stuff
18:32:46 | INFO: Data are loaded, start creating Blender stuff
18:32:46 | INFO: Blender create Mesh node 0
18:32:46 | INFO: Blender create Mesh node 0
18:32:46 | INFO: glTF import finished in 0.42s
18:32:46 | INFO: glTF import finished in 0.42s
18:32:46 | INFO: Starting glTF 2.0 export
18:32:46 | INFO: Starting glTF 2.0 export
18:32:46 | INFO: Extracting primitive: Mesh_0
18:32:46 | INFO: Extracting primitive: Mesh_0
18:32:47 | INFO: Primitives created: 1
18:32:47 | INFO: Primitives created: 1
18:32:47 | INFO: Finished glTF 2.0 export in 0.5905954837799072 s
18:32:47 | INFO: Finished glTF 2.0 export in 0.5905954837799072 s

[Avenger Titan Renegade] RESCALED (1.0, 1.0, 1.0) -> 0.01, written to model_scaled.glb
18:32:47 | INFO: Data are loaded, start creating Blender stuff
18:32:47 | INFO: Data are loaded, start creating Blender stuff
18:32:47 | INFO: Blender create Mesh node 0
18:32:47 | INFO: Blender create Mesh node 0
18:32:47 | INFO: glTF import finished in 0.36s
18:32:47 | INFO: glTF import finished in 0.36s
18:32:47 | INFO: Starting glTF 2.0 export
18:32:47 | INFO: Starting glTF 2.0 export
18:32:47 | INFO: Extracting primitive: Mesh_0
18:32:47 | INFO: Extracting primitive: Mesh_0
18:32:48 | INFO: Primitives created: 1
18:32:48 | INFO: Primitives created: 1
18:32:48 | INFO: Finished glTF 2.0 export in 0.4543943405151367 s
18:32:48 | INFO: Finished glTF 2.0 export in 0.4543943405151367 s

[Avenger Warlock] RESCALED (1.0, 1.0, 1.0) -> 0.01, written to model_scaled.glb
18:32:48 | INFO: Data are loaded, start creating Blender stuff
18:32:48 | INFO: Data are loaded, start creating Blender stuff
18:32:48 | INFO: Blender create Mesh node 0
18:32:48 | INFO: Blender create Mesh node 0
18:32:48 | INFO: glTF import finished in 0.41s
18:32:48 | INFO: glTF import finished in 0.41s
18:32:48 | INFO: Starting glTF 2.0 export
18:32:48 | INFO: Starting glTF 2.0 export
18:32:48 | INFO: Extracting primitive: Mesh_0
18:32:48 | INFO: Extracting primitive: Mesh_0
18:32:49 | INFO: Primitives created: 1
18:32:49 | INFO: Primitives created: 1
18:32:49 | INFO: Finished glTF 2.0 export in 0.5371365547180176 s
18:32:49 | INFO: Finished glTF 2.0 export in 0.5371365547180176 s

[Ballista] RESCALED (1.0, 1.0, 1.0) -> 0.01, written to model_scaled.glb
18:32:49 | INFO: Data are loaded, start creating Blender stuff
18:32:49 | INFO: Data are loaded, start creating Blender stuff
18:32:49 | INFO: Blender create Mesh node 0
18:32:49 | INFO: Blender create Mesh node 0
18:32:50 | INFO: glTF import finished in 0.69s
18:32:50 | INFO: glTF import finished in 0.69s
18:32:50 | INFO: Starting glTF 2.0 export
18:32:50 | INFO: Starting glTF 2.0 export
18:32:50 | INFO: Extracting primitive: Mesh_0
18:32:50 | INFO: Extracting primitive: Mesh_0
18:32:50 | INFO: Primitives created: 1
18:32:50 | INFO: Primitives created: 1
18:32:50 | INFO: Finished glTF 2.0 export in 0.9027385711669922 s
18:32:50 | INFO: Finished glTF 2.0 export in 0.9027385711669922 s

[Blade] RESCALED (1.0, 1.0, 1.0) -> 0.01, written to model_scaled.glb
18:32:51 | INFO: Data are loaded, start creating Blender stuff
18:32:51 | INFO: Data are loaded, start creating Blender stuff
18:32:51 | INFO: Blender create Mesh node 0
18:32:51 | INFO: Blender create Mesh node 0
18:32:51 | INFO: glTF import finished in 0.24s
18:32:51 | INFO: glTF import finished in 0.24s
18:32:51 | INFO: Starting glTF 2.0 export
18:32:51 | INFO: Starting glTF 2.0 export
18:32:51 | INFO: Extracting primitive: Mesh_0
18:32:51 | INFO: Extracting primitive: Mesh_0
18:32:51 | INFO: Primitives created: 1
18:32:51 | INFO: Primitives created: 1
18:32:51 | INFO: Finished glTF 2.0 export in 0.21585988998413086 s
18:32:51 | INFO: Finished glTF 2.0 export in 0.21585988998413086 s

[Buccaneer] RESCALED (1.0, 1.0, 1.0) -> 0.01, written to model_scaled.glb
18:32:51 | INFO: Data are loaded, start creating Blender stuff
18:32:51 | INFO: Data are loaded, start creating Blender stuff
18:32:51 | INFO: Blender create Mesh node 0
18:32:51 | INFO: Blender create Mesh node 0
18:32:52 | INFO: glTF import finished in 1.13s
18:32:52 | INFO: glTF import finished in 1.13s
18:32:52 | INFO: Starting glTF 2.0 export
18:32:52 | INFO: Starting glTF 2.0 export
18:32:53 | INFO: Extracting primitive: Mesh_0
18:32:53 | INFO: Extracting primitive: Mesh_0
18:32:54 | INFO: Primitives created: 1
18:32:54 | INFO: Primitives created: 1
18:32:54 | INFO: Finished glTF 2.0 export in 1.5448191165924072 s
18:32:54 | INFO: Finished glTF 2.0 export in 1.5448191165924072 s

[C1 Spirit] RESCALED (1.0, 1.0, 1.0) -> 0.01, written to model_scaled.glb
18:32:54 | INFO: Data are loaded, start creating Blender stuff
18:32:54 | INFO: Data are loaded, start creating Blender stuff
18:32:54 | INFO: Blender create Mesh node 0
18:32:54 | INFO: Blender create Mesh node 0
18:32:55 | INFO: glTF import finished in 0.86s
18:32:55 | INFO: glTF import finished in 0.86s
18:32:55 | INFO: Starting glTF 2.0 export
18:32:55 | INFO: Starting glTF 2.0 export
18:32:55 | INFO: Extracting primitive: Mesh_0
18:32:55 | INFO: Extracting primitive: Mesh_0
18:32:56 | INFO: Primitives created: 1
18:32:56 | INFO: Primitives created: 1
18:32:56 | INFO: Finished glTF 2.0 export in 1.1724731922149658 s
18:32:56 | INFO: Finished glTF 2.0 export in 1.1724731922149658 s

[C2 Hercules] RESCALED (1.0, 1.0, 1.0) -> 0.01, written to model_scaled.glb
18:32:56 | INFO: Data are loaded, start creating Blender stuff
18:32:56 | INFO: Data are loaded, start creating Blender stuff
18:32:56 | INFO: Blender create Mesh node 0
18:32:56 | INFO: Blender create Mesh node 0
18:32:56 | INFO: glTF import finished in 0.16s
18:32:56 | INFO: glTF import finished in 0.16s
18:32:56 | INFO: Starting glTF 2.0 export
18:32:56 | INFO: Starting glTF 2.0 export
18:32:56 | INFO: Extracting primitive: Mesh_0
18:32:56 | INFO: Extracting primitive: Mesh_0
18:32:56 | INFO: Primitives created: 1
18:32:56 | INFO: Primitives created: 1
18:32:56 | INFO: Finished glTF 2.0 export in 0.2044694423675537 s
18:32:56 | INFO: Finished glTF 2.0 export in 0.2044694423675537 s

[C8 Pisces] RESCALED (1.0, 1.0, 1.0) -> 0.01, written to model_scaled.glb
18:32:56 | INFO: Data are loaded, start creating Blender stuff
18:32:56 | INFO: Data are loaded, start creating Blender stuff
18:32:56 | INFO: Blender create Mesh node 0
18:32:56 | INFO: Blender create Mesh node 0
18:32:57 | INFO: glTF import finished in 0.16s
18:32:57 | INFO: glTF import finished in 0.16s
18:32:57 | INFO: Starting glTF 2.0 export
18:32:57 | INFO: Starting glTF 2.0 export
18:32:57 | INFO: Extracting primitive: Mesh_0
18:32:57 | INFO: Extracting primitive: Mesh_0
18:32:57 | INFO: Primitives created: 1
18:32:57 | INFO: Primitives created: 1
18:32:57 | INFO: Finished glTF 2.0 export in 0.19103503227233887 s
18:32:57 | INFO: Finished glTF 2.0 export in 0.19103503227233887 s

[C8R Pisces] RESCALED (1.0, 1.0, 1.0) -> 0.01, written to model_scaled.glb
18:32:57 | INFO: Data are loaded, start creating Blender stuff
18:32:57 | INFO: Data are loaded, start creating Blender stuff
18:32:57 | INFO: Blender create Mesh node 0
18:32:57 | INFO: Blender create Mesh node 0
18:32:57 | INFO: glTF import finished in 0.21s
18:32:57 | INFO: glTF import finished in 0.21s
18:32:57 | INFO: Starting glTF 2.0 export
18:32:57 | INFO: Starting glTF 2.0 export
18:32:57 | INFO: Extracting primitive: Mesh_0
18:32:57 | INFO: Extracting primitive: Mesh_0
18:32:57 | INFO: Primitives created: 1
18:32:57 | INFO: Primitives created: 1
18:32:57 | INFO: Finished glTF 2.0 export in 0.27182960510253906 s
18:32:57 | INFO: Finished glTF 2.0 export in 0.27182960510253906 s

[C8X Pisces Expedition] RESCALED (1.0, 1.0, 1.0) -> 0.01, written to model_scaled.glb
18:32:57 | INFO: Data are loaded, start creating Blender stuff
18:32:57 | INFO: Data are loaded, start creating Blender stuff
18:32:57 | INFO: Blender create Mesh node 0
18:32:57 | INFO: Blender create Mesh node 0
18:32:58 | INFO: glTF import finished in 0.44s
18:32:58 | INFO: glTF import finished in 0.44s
18:32:58 | INFO: Starting glTF 2.0 export
18:32:58 | INFO: Starting glTF 2.0 export
18:32:58 | INFO: Extracting primitive: Mesh_0
18:32:58 | INFO: Extracting primitive: Mesh_0
18:32:58 | INFO: Primitives created: 1
18:32:58 | INFO: Primitives created: 1
18:32:58 | INFO: Finished glTF 2.0 export in 0.6032178401947021 s
18:32:58 | INFO: Finished glTF 2.0 export in 0.6032178401947021 s

[CSV-SM] RESCALED (1.0, 1.0, 1.0) -> 0.01, written to model_scaled.glb
18:32:59 | INFO: Data are loaded, start creating Blender stuff
18:32:59 | INFO: Data are loaded, start creating Blender stuff
18:32:59 | INFO: Blender create Mesh node 0
18:32:59 | INFO: Blender create Mesh node 0
18:32:59 | INFO: glTF import finished in 0.29s
18:32:59 | INFO: glTF import finished in 0.29s
18:32:59 | INFO: Starting glTF 2.0 export
18:32:59 | INFO: Starting glTF 2.0 export
18:32:59 | INFO: Extracting primitive: Mesh_0
18:32:59 | INFO: Extracting primitive: Mesh_0
18:32:59 | INFO: Primitives created: 1
18:32:59 | INFO: Primitives created: 1
18:32:59 | INFO: Finished glTF 2.0 export in 0.32122325897216797 s
18:32:59 | INFO: Finished glTF 2.0 export in 0.32122325897216797 s

[Carrack] RESCALED (1.0, 1.0, 1.0) -> 0.01, written to model_scaled.glb
18:32:59 | INFO: Data are loaded, start creating Blender stuff
18:32:59 | INFO: Data are loaded, start creating Blender stuff
18:32:59 | INFO: Blender create Mesh node 0
18:32:59 | INFO: Blender create Mesh node 0
18:33:00 | INFO: glTF import finished in 0.26s
18:33:00 | INFO: glTF import finished in 0.26s
18:33:00 | INFO: Starting glTF 2.0 export
18:33:00 | INFO: Starting glTF 2.0 export
18:33:00 | INFO: Extracting primitive: Mesh_0
18:33:00 | INFO: Extracting primitive: Mesh_0
18:33:00 | INFO: Primitives created: 1
18:33:00 | INFO: Primitives created: 1
18:33:00 | INFO: Finished glTF 2.0 export in 0.3140757083892822 s
18:33:00 | INFO: Finished glTF 2.0 export in 0.3140757083892822 s

[Carrack Expedition] RESCALED (1.0, 1.0, 1.0) -> 0.01, written to model_scaled.glb
18:33:00 | INFO: Data are loaded, start creating Blender stuff
18:33:00 | INFO: Data are loaded, start creating Blender stuff
18:33:00 | INFO: Blender create Mesh node 0
18:33:00 | INFO: Blender create Mesh node 0
18:33:00 | INFO: glTF import finished in 0.25s
18:33:00 | INFO: glTF import finished in 0.25s
18:33:00 | INFO: Starting glTF 2.0 export
18:33:00 | INFO: Starting glTF 2.0 export
18:33:00 | INFO: Extracting primitive: Mesh_0
18:33:00 | INFO: Extracting primitive: Mesh_0
18:33:01 | INFO: Primitives created: 1
18:33:01 | INFO: Primitives created: 1
18:33:01 | INFO: Finished glTF 2.0 export in 0.3242027759552002 s
18:33:01 | INFO: Finished glTF 2.0 export in 0.3242027759552002 s

[Carrack Expedition w_C8X] RESCALED (1.0, 1.0, 1.0) -> 0.01, written to model_scaled.glb
18:33:01 | INFO: Data are loaded, start creating Blender stuff
18:33:01 | INFO: Data are loaded, start creating Blender stuff
18:33:01 | INFO: Blender create Mesh node 0
18:33:01 | INFO: Blender create Mesh node 0
18:33:01 | INFO: glTF import finished in 0.25s
18:33:01 | INFO: glTF import finished in 0.25s
18:33:01 | INFO: Starting glTF 2.0 export
18:33:01 | INFO: Starting glTF 2.0 export
18:33:01 | INFO: Extracting primitive: Mesh_0
18:33:01 | INFO: Extracting primitive: Mesh_0
18:33:01 | INFO: Primitives created: 1
18:33:01 | INFO: Primitives created: 1
18:33:01 | INFO: Finished glTF 2.0 export in 0.3181419372558594 s
18:33:01 | INFO: Finished glTF 2.0 export in 0.3181419372558594 s

[Carrack w_C8X] RESCALED (1.0, 1.0, 1.0) -> 0.01, written to model_scaled.glb
18:33:01 | INFO: Data are loaded, start creating Blender stuff
18:33:01 | INFO: Data are loaded, start creating Blender stuff
18:33:01 | INFO: Blender create Mesh node 0
18:33:01 | INFO: Blender create Mesh node 0
18:33:02 | INFO: glTF import finished in 0.35s
18:33:02 | INFO: glTF import finished in 0.35s
18:33:02 | INFO: Starting glTF 2.0 export
18:33:02 | INFO: Starting glTF 2.0 export
18:33:02 | INFO: Extracting primitive: Mesh_0
18:33:02 | INFO: Extracting primitive: Mesh_0
18:33:02 | INFO: Primitives created: 1
18:33:02 | INFO: Primitives created: 1
18:33:02 | INFO: Finished glTF 2.0 export in 0.4194619655609131 s
18:33:02 | INFO: Finished glTF 2.0 export in 0.4194619655609131 s

[Caterpillar] RESCALED (1.0, 1.0, 1.0) -> 0.01, written to model_scaled.glb
18:33:02 | INFO: Data are loaded, start creating Blender stuff
18:33:02 | INFO: Data are loaded, start creating Blender stuff
18:33:02 | INFO: Blender create Mesh node 0
18:33:02 | INFO: Blender create Mesh node 0
18:33:02 | INFO: glTF import finished in 0.35s
18:33:02 | INFO: glTF import finished in 0.35s
18:33:02 | INFO: Starting glTF 2.0 export
18:33:02 | INFO: Starting glTF 2.0 export
18:33:03 | INFO: Extracting primitive: Mesh_0
18:33:03 | INFO: Extracting primitive: Mesh_0
18:33:03 | INFO: Primitives created: 1
18:33:03 | INFO: Primitives created: 1
18:33:03 | INFO: Finished glTF 2.0 export in 0.49279046058654785 s
18:33:03 | INFO: Finished glTF 2.0 export in 0.49279046058654785 s

[Caterpillar Best In Show Edition 2949] RESCALED (1.0, 1.0, 1.0) -> 0.01, written to model_scaled.glb
18:33:03 | INFO: Data are loaded, start creating Blender stuff
18:33:03 | INFO: Data are loaded, start creating Blender stuff
18:33:03 | INFO: Blender create Mesh node 0
18:33:03 | INFO: Blender create Mesh node 0
18:33:03 | INFO: glTF import finished in 0.36s
18:33:03 | INFO: glTF import finished in 0.36s
18:33:03 | INFO: Starting glTF 2.0 export
18:33:03 | INFO: Starting glTF 2.0 export
18:33:03 | INFO: Extracting primitive: Mesh_0
18:33:03 | INFO: Extracting primitive: Mesh_0
18:33:04 | INFO: Primitives created: 1
18:33:04 | INFO: Primitives created: 1
18:33:04 | INFO: Finished glTF 2.0 export in 0.46688032150268555 s
18:33:04 | INFO: Finished glTF 2.0 export in 0.46688032150268555 s

[Caterpillar Pirate Edition] RESCALED (1.0, 1.0, 1.0) -> 0.01, written to model_scaled.glb
18:33:04 | INFO: Data are loaded, start creating Blender stuff
18:33:04 | INFO: Data are loaded, start creating Blender stuff
18:33:04 | INFO: Blender create Mesh node 0
18:33:04 | INFO: Blender create Mesh node 0
18:33:05 | INFO: glTF import finished in 0.80s
18:33:05 | INFO: glTF import finished in 0.80s
18:33:05 | INFO: Starting glTF 2.0 export
18:33:05 | INFO: Starting glTF 2.0 export
18:33:05 | INFO: Extracting primitive: Mesh_0
18:33:05 | INFO: Extracting primitive: Mesh_0
18:33:06 | INFO: Primitives created: 1
18:33:06 | INFO: Primitives created: 1
18:33:06 | INFO: Finished glTF 2.0 export in 1.0486781597137451 s
18:33:06 | INFO: Finished glTF 2.0 export in 1.0486781597137451 s

[Centurion] RESCALED (1.0, 1.0, 1.0) -> 0.01, written to model_scaled.glb
18:33:06 | INFO: Data are loaded, start creating Blender stuff
18:33:06 | INFO: Data are loaded, start creating Blender stuff
18:33:06 | INFO: Blender create Mesh node 0
18:33:06 | INFO: Blender create Mesh node 0
18:33:08 | INFO: glTF import finished in 1.60s
18:33:08 | INFO: glTF import finished in 1.60s
18:33:08 | INFO: Starting glTF 2.0 export
18:33:08 | INFO: Starting glTF 2.0 export
18:33:08 | INFO: Extracting primitive: Mesh_0
18:33:08 | INFO: Extracting primitive: Mesh_0
18:33:09 | INFO: Primitives created: 1
18:33:09 | INFO: Primitives created: 1
18:33:09 | INFO: Finished glTF 2.0 export in 1.8106229305267334 s
18:33:09 | INFO: Finished glTF 2.0 export in 1.8106229305267334 s

[Clipper] RESCALED (1.0, 1.0, 1.0) -> 0.01, written to model_scaled.glb
18:33:10 | INFO: Data are loaded, start creating Blender stuff
18:33:10 | INFO: Data are loaded, start creating Blender stuff
18:33:10 | INFO: Blender create Mesh node 0
18:33:10 | INFO: Blender create Mesh node 0
18:33:11 | INFO: glTF import finished in 1.46s
18:33:11 | INFO: glTF import finished in 1.46s
18:33:11 | INFO: Starting glTF 2.0 export
18:33:11 | INFO: Starting glTF 2.0 export
18:33:11 | INFO: Extracting primitive: Mesh_0
18:33:11 | INFO: Extracting primitive: Mesh_0
18:33:13 | INFO: Primitives created: 1
18:33:13 | INFO: Primitives created: 1
18:33:13 | INFO: Finished glTF 2.0 export in 2.0329647064208984 s
18:33:13 | INFO: Finished glTF 2.0 export in 2.0329647064208984 s

[Constellation Andromeda] RESCALED (1.0, 1.0, 1.0) -> 0.01, written to model_scaled.glb
18:33:13 | INFO: Data are loaded, start creating Blender stuff
18:33:13 | INFO: Data are loaded, start creating Blender stuff
18:33:13 | INFO: Blender create Mesh node 0
18:33:13 | INFO: Blender create Mesh node 0
18:33:15 | INFO: glTF import finished in 1.41s
18:33:15 | INFO: glTF import finished in 1.41s
18:33:15 | INFO: Starting glTF 2.0 export
18:33:15 | INFO: Starting glTF 2.0 export
18:33:15 | INFO: Extracting primitive: Mesh_0
18:33:15 | INFO: Extracting primitive: Mesh_0
18:33:16 | INFO: Primitives created: 1
18:33:16 | INFO: Primitives created: 1
18:33:16 | INFO: Finished glTF 2.0 export in 1.7698447704315186 s
18:33:16 | INFO: Finished glTF 2.0 export in 1.7698447704315186 s

[Constellation Phoenix] RESCALED (1.0, 1.0, 1.0) -> 0.01, written to model_scaled.glb
18:33:16 | INFO: Data are loaded, start creating Blender stuff
18:33:16 | INFO: Data are loaded, start creating Blender stuff
18:33:16 | INFO: Blender create Mesh node 0
18:33:16 | INFO: Blender create Mesh node 0
18:33:18 | INFO: glTF import finished in 1.46s
18:33:18 | INFO: glTF import finished in 1.46s
18:33:18 | INFO: Starting glTF 2.0 export
18:33:18 | INFO: Starting glTF 2.0 export
18:33:18 | INFO: Extracting primitive: Mesh_0
18:33:18 | INFO: Extracting primitive: Mesh_0
18:33:20 | INFO: Primitives created: 1
18:33:20 | INFO: Primitives created: 1
18:33:20 | INFO: Finished glTF 2.0 export in 1.710719347000122 s
18:33:20 | INFO: Finished glTF 2.0 export in 1.710719347000122 s

[Constellation Phoenix Emerald] RESCALED (1.0, 1.0, 1.0) -> 0.01, written to model_scaled.glb
18:33:20 | INFO: Data are loaded, start creating Blender stuff
18:33:20 | INFO: Data are loaded, start creating Blender stuff
18:33:20 | INFO: Blender create Mesh node 0
18:33:20 | INFO: Blender create Mesh node 0
18:33:21 | INFO: glTF import finished in 1.06s
18:33:21 | INFO: glTF import finished in 1.06s
18:33:21 | INFO: Starting glTF 2.0 export
18:33:21 | INFO: Starting glTF 2.0 export
18:33:21 | INFO: Extracting primitive: Mesh_0
18:33:21 | INFO: Extracting primitive: Mesh_0
18:33:22 | INFO: Primitives created: 1
18:33:22 | INFO: Primitives created: 1
18:33:22 | INFO: Finished glTF 2.0 export in 1.434464693069458 s
18:33:22 | INFO: Finished glTF 2.0 export in 1.434464693069458 s

[Constellation Taurus] RESCALED (1.0, 1.0, 1.0) -> 0.01, written to model_scaled.glb
18:33:22 | INFO: Data are loaded, start creating Blender stuff
18:33:22 | INFO: Data are loaded, start creating Blender stuff
18:33:22 | INFO: Blender create Mesh node 0
18:33:22 | INFO: Blender create Mesh node 0
18:33:24 | INFO: glTF import finished in 1.63s
18:33:24 | INFO: glTF import finished in 1.63s
18:33:24 | INFO: Starting glTF 2.0 export
18:33:24 | INFO: Starting glTF 2.0 export
18:33:24 | INFO: Extracting primitive: Mesh_0
18:33:24 | INFO: Extracting primitive: Mesh_0
18:33:26 | INFO: Primitives created: 1
18:33:26 | INFO: Primitives created: 1
18:33:26 | INFO: Finished glTF 2.0 export in 2.0851829051971436 s
18:33:26 | INFO: Finished glTF 2.0 export in 2.0851829051971436 s

[Corsair] RESCALED (1.0, 1.0, 1.0) -> 0.01, written to model_scaled.glb
18:33:26 | INFO: Data are loaded, start creating Blender stuff
18:33:26 | INFO: Data are loaded, start creating Blender stuff
18:33:26 | INFO: Blender create Mesh node 0
18:33:26 | INFO: Blender create Mesh node 0
18:33:27 | INFO: glTF import finished in 0.57s
18:33:27 | INFO: glTF import finished in 0.57s
18:33:27 | INFO: Starting glTF 2.0 export
18:33:27 | INFO: Starting glTF 2.0 export
18:33:27 | INFO: Extracting primitive: Mesh_0
18:33:27 | INFO: Extracting primitive: Mesh_0
18:33:27 | INFO: Primitives created: 1
18:33:27 | INFO: Primitives created: 1
18:33:27 | INFO: Finished glTF 2.0 export in 0.6565244197845459 s
18:33:27 | INFO: Finished glTF 2.0 export in 0.6565244197845459 s

[Crucible] RESCALED (1.0, 1.0, 1.0) -> 0.01, written to model_scaled.glb
18:33:27 | INFO: Data are loaded, start creating Blender stuff
18:33:27 | INFO: Data are loaded, start creating Blender stuff
18:33:27 | INFO: Blender create Mesh node 0
18:33:27 | INFO: Blender create Mesh node 0
18:33:28 | INFO: glTF import finished in 0.46s
18:33:28 | INFO: glTF import finished in 0.46s
18:33:28 | INFO: Starting glTF 2.0 export
18:33:28 | INFO: Starting glTF 2.0 export
18:33:28 | INFO: Extracting primitive: Mesh_0
18:33:28 | INFO: Extracting primitive: Mesh_0
18:33:28 | INFO: Primitives created: 1
18:33:28 | INFO: Primitives created: 1
18:33:28 | INFO: Finished glTF 2.0 export in 0.481905460357666 s
18:33:28 | INFO: Finished glTF 2.0 export in 0.481905460357666 s

[Cutlass Black Best In Show Edition 2949] RESCALED (1.0, 1.0, 1.0) -> 0.01, written to model_scaled.glb
18:33:29 | INFO: Data are loaded, start creating Blender stuff
18:33:29 | INFO: Data are loaded, start creating Blender stuff
18:33:29 | INFO: Blender create Mesh node 0
18:33:29 | INFO: Blender create Mesh node 0
18:33:29 | INFO: glTF import finished in 0.80s
18:33:29 | INFO: glTF import finished in 0.80s
18:33:29 | INFO: Starting glTF 2.0 export
18:33:29 | INFO: Starting glTF 2.0 export
18:33:30 | INFO: Extracting primitive: Mesh_0
18:33:30 | INFO: Extracting primitive: Mesh_0
18:33:30 | INFO: Primitives created: 1
18:33:30 | INFO: Primitives created: 1
18:33:31 | INFO: Finished glTF 2.0 export in 1.2009317874908447 s
18:33:31 | INFO: Finished glTF 2.0 export in 1.2009317874908447 s

[Cutlass Blue] RESCALED (1.0, 1.0, 1.0) -> 0.01, written to model_scaled.glb
18:33:31 | INFO: Data are loaded, start creating Blender stuff
18:33:31 | INFO: Data are loaded, start creating Blender stuff
18:33:31 | INFO: Blender create Mesh node 0
18:33:31 | INFO: Blender create Mesh node 0
18:33:31 | INFO: glTF import finished in 0.59s
18:33:31 | INFO: glTF import finished in 0.59s
18:33:31 | INFO: Starting glTF 2.0 export
18:33:31 | INFO: Starting glTF 2.0 export
18:33:31 | INFO: Extracting primitive: Mesh_0
18:33:31 | INFO: Extracting primitive: Mesh_0
18:33:32 | INFO: Primitives created: 1
18:33:32 | INFO: Primitives created: 1
18:33:32 | INFO: Finished glTF 2.0 export in 0.7848846912384033 s
18:33:32 | INFO: Finished glTF 2.0 export in 0.7848846912384033 s

[Cutlass Red] RESCALED (1.0, 1.0, 1.0) -> 0.01, written to model_scaled.glb
18:33:32 | INFO: Data are loaded, start creating Blender stuff
18:33:32 | INFO: Data are loaded, start creating Blender stuff
18:33:32 | INFO: Blender create Mesh node 0
18:33:32 | INFO: Blender create Mesh node 0
18:33:33 | INFO: glTF import finished in 0.40s
18:33:33 | INFO: glTF import finished in 0.40s
18:33:33 | INFO: Starting glTF 2.0 export
18:33:33 | INFO: Starting glTF 2.0 export
18:33:33 | INFO: Extracting primitive: Mesh_0
18:33:33 | INFO: Extracting primitive: Mesh_0
18:33:33 | INFO: Primitives created: 1
18:33:33 | INFO: Primitives created: 1
18:33:33 | INFO: Finished glTF 2.0 export in 0.5049319267272949 s
18:33:33 | INFO: Finished glTF 2.0 export in 0.5049319267272949 s

[Cutlass Steel] RESCALED (1.0, 1.0, 1.0) -> 0.01, written to model_scaled.glb
18:33:33 | INFO: Data are loaded, start creating Blender stuff
18:33:33 | INFO: Data are loaded, start creating Blender stuff
18:33:33 | INFO: Blender create Mesh node 0
18:33:33 | INFO: Blender create Mesh node 0
18:33:35 | INFO: glTF import finished in 1.39s
18:33:35 | INFO: glTF import finished in 1.39s
18:33:35 | INFO: Starting glTF 2.0 export
18:33:35 | INFO: Starting glTF 2.0 export
18:33:35 | INFO: Extracting primitive: Mesh_0
18:33:35 | INFO: Extracting primitive: Mesh_0
18:33:36 | INFO: Primitives created: 1
18:33:36 | INFO: Primitives created: 1
18:33:36 | INFO: Finished glTF 2.0 export in 1.708693027496338 s
18:33:36 | INFO: Finished glTF 2.0 export in 1.708693027496338 s

[Cutter] RESCALED (1.0, 1.0, 1.0) -> 0.01, written to model_scaled.glb
18:33:36 | INFO: Data are loaded, start creating Blender stuff
18:33:36 | INFO: Data are loaded, start creating Blender stuff
18:33:36 | INFO: Blender create Mesh node 0
18:33:36 | INFO: Blender create Mesh node 0
18:33:38 | INFO: glTF import finished in 1.21s
18:33:38 | INFO: glTF import finished in 1.21s
18:33:38 | INFO: Starting glTF 2.0 export
18:33:38 | INFO: Starting glTF 2.0 export
18:33:38 | INFO: Extracting primitive: Mesh_0
18:33:38 | INFO: Extracting primitive: Mesh_0
18:33:39 | INFO: Primitives created: 1
18:33:39 | INFO: Primitives created: 1
18:33:39 | INFO: Finished glTF 2.0 export in 1.6533019542694092 s
18:33:39 | INFO: Finished glTF 2.0 export in 1.6533019542694092 s

[Cutter Rambler] RESCALED (1.0, 1.0, 1.0) -> 0.01, written to model_scaled.glb
18:33:39 | INFO: Data are loaded, start creating Blender stuff
18:33:39 | INFO: Data are loaded, start creating Blender stuff
18:33:39 | INFO: Blender create Mesh node 0
18:33:39 | INFO: Blender create Mesh node 0
18:33:41 | INFO: glTF import finished in 1.31s
18:33:41 | INFO: glTF import finished in 1.31s
18:33:41 | INFO: Starting glTF 2.0 export
18:33:41 | INFO: Starting glTF 2.0 export
18:33:41 | INFO: Extracting primitive: Mesh_0
18:33:41 | INFO: Extracting primitive: Mesh_0
18:33:42 | INFO: Primitives created: 1
18:33:42 | INFO: Primitives created: 1
18:33:42 | INFO: Finished glTF 2.0 export in 1.597656011581421 s
18:33:42 | INFO: Finished glTF 2.0 export in 1.597656011581421 s

[Cutter Scout] RESCALED (1.0, 1.0, 1.0) -> 0.01, written to model_scaled.glb
18:33:42 | INFO: Data are loaded, start creating Blender stuff
18:33:42 | INFO: Data are loaded, start creating Blender stuff
18:33:42 | INFO: Blender create Mesh node 0
18:33:42 | INFO: Blender create Mesh node 0
18:33:43 | INFO: glTF import finished in 0.23s
18:33:43 | INFO: glTF import finished in 0.23s
18:33:43 | INFO: Starting glTF 2.0 export
18:33:43 | INFO: Starting glTF 2.0 export
18:33:43 | INFO: Extracting primitive: Mesh_0
18:33:43 | INFO: Extracting primitive: Mesh_0
18:33:43 | INFO: Primitives created: 1
18:33:43 | INFO: Primitives created: 1
18:33:43 | INFO: Finished glTF 2.0 export in 0.32301807403564453 s
18:33:43 | INFO: Finished glTF 2.0 export in 0.32301807403564453 s

[Cyclone] RESCALED (1.0, 1.0, 1.0) -> 0.01, written to model_scaled.glb
18:33:43 | INFO: Data are loaded, start creating Blender stuff
18:33:43 | INFO: Data are loaded, start creating Blender stuff
18:33:43 | INFO: Blender create Mesh node 0
18:33:43 | INFO: Blender create Mesh node 0
18:33:44 | INFO: glTF import finished in 0.81s
18:33:44 | INFO: glTF import finished in 0.81s
18:33:44 | INFO: Starting glTF 2.0 export
18:33:44 | INFO: Starting glTF 2.0 export
18:33:44 | INFO: Extracting primitive: Mesh_0
18:33:44 | INFO: Extracting primitive: Mesh_0
18:33:45 | INFO: Primitives created: 1
18:33:45 | INFO: Primitives created: 1
18:33:45 | INFO: Finished glTF 2.0 export in 1.1361868381500244 s
18:33:45 | INFO: Finished glTF 2.0 export in 1.1361868381500244 s

[Cyclone AA] RESCALED (1.0, 1.0, 1.0) -> 0.01, written to model_scaled.glb
18:33:45 | INFO: Data are loaded, start creating Blender stuff
18:33:45 | INFO: Data are loaded, start creating Blender stuff
18:33:45 | INFO: Blender create Mesh node 0
18:33:45 | INFO: Blender create Mesh node 0
18:33:46 | INFO: glTF import finished in 0.52s
18:33:46 | INFO: glTF import finished in 0.52s
18:33:46 | INFO: Starting glTF 2.0 export
18:33:46 | INFO: Starting glTF 2.0 export
18:33:46 | INFO: Extracting primitive: Mesh_0
18:33:46 | INFO: Extracting primitive: Mesh_0
18:33:46 | INFO: Primitives created: 1
18:33:46 | INFO: Primitives created: 1
18:33:46 | INFO: Finished glTF 2.0 export in 0.6719350814819336 s
18:33:46 | INFO: Finished glTF 2.0 export in 0.6719350814819336 s

[Cyclone MT] RESCALED (1.0, 1.0, 1.0) -> 0.01, written to model_scaled.glb
18:33:46 | INFO: Data are loaded, start creating Blender stuff
18:33:46 | INFO: Data are loaded, start creating Blender stuff
18:33:46 | INFO: Blender create Mesh node 0
18:33:46 | INFO: Blender create Mesh node 0
18:33:47 | INFO: glTF import finished in 0.76s
18:33:47 | INFO: glTF import finished in 0.76s
18:33:47 | INFO: Starting glTF 2.0 export
18:33:47 | INFO: Starting glTF 2.0 export
18:33:47 | INFO: Extracting primitive: Mesh_0
18:33:47 | INFO: Extracting primitive: Mesh_0
18:33:48 | INFO: Primitives created: 1
18:33:48 | INFO: Primitives created: 1
18:33:48 | INFO: Finished glTF 2.0 export in 0.8772106170654297 s
18:33:48 | INFO: Finished glTF 2.0 export in 0.8772106170654297 s

[Cyclone RC] RESCALED (1.0, 1.0, 1.0) -> 0.01, written to model_scaled.glb
18:33:48 | INFO: Data are loaded, start creating Blender stuff
18:33:48 | INFO: Data are loaded, start creating Blender stuff
18:33:48 | INFO: Blender create Mesh node 0
18:33:48 | INFO: Blender create Mesh node 0
18:33:49 | INFO: glTF import finished in 1.05s
18:33:49 | INFO: glTF import finished in 1.05s
18:33:49 | INFO: Starting glTF 2.0 export
18:33:49 | INFO: Starting glTF 2.0 export
18:33:50 | INFO: Extracting primitive: Mesh_0
18:33:50 | INFO: Extracting primitive: Mesh_0
18:33:51 | INFO: Primitives created: 1
18:33:51 | INFO: Primitives created: 1
18:33:51 | INFO: Finished glTF 2.0 export in 1.4218192100524902 s
18:33:51 | INFO: Finished glTF 2.0 export in 1.4218192100524902 s

[Cyclone RN] RESCALED (1.0, 1.0, 1.0) -> 0.01, written to model_scaled.glb
18:33:51 | INFO: Data are loaded, start creating Blender stuff
18:33:51 | INFO: Data are loaded, start creating Blender stuff
18:33:51 | INFO: Blender create Mesh node 0
18:33:51 | INFO: Blender create Mesh node 0
18:33:52 | INFO: glTF import finished in 0.81s
18:33:52 | INFO: glTF import finished in 0.81s
18:33:52 | INFO: Starting glTF 2.0 export
18:33:52 | INFO: Starting glTF 2.0 export
18:33:52 | INFO: Extracting primitive: Mesh_0
18:33:52 | INFO: Extracting primitive: Mesh_0
18:33:52 | INFO: Primitives created: 1
18:33:52 | INFO: Primitives created: 1
18:33:52 | INFO: Finished glTF 2.0 export in 0.9567527770996094 s
18:33:52 | INFO: Finished glTF 2.0 export in 0.9567527770996094 s

[Cyclone TR] RESCALED (1.0, 1.0, 1.0) -> 0.01, written to model_scaled.glb
18:33:53 | INFO: Data are loaded, start creating Blender stuff
18:33:53 | INFO: Data are loaded, start creating Blender stuff
18:33:53 | INFO: Blender create Mesh node 0
18:33:53 | INFO: Blender create Mesh node 0
18:33:53 | INFO: glTF import finished in 0.57s
18:33:53 | INFO: glTF import finished in 0.57s
18:33:53 | INFO: Starting glTF 2.0 export
18:33:53 | INFO: Starting glTF 2.0 export
18:33:53 | INFO: Extracting primitive: Mesh_0
18:33:53 | INFO: Extracting primitive: Mesh_0
18:33:54 | INFO: Primitives created: 1
18:33:54 | INFO: Primitives created: 1
18:33:54 | INFO: Finished glTF 2.0 export in 0.8009352684020996 s
18:33:54 | INFO: Finished glTF 2.0 export in 0.8009352684020996 s

[Defender] RESCALED (1.0, 1.0, 1.0) -> 0.01, written to model_scaled.glb
18:33:54 | INFO: Data are loaded, start creating Blender stuff
18:33:54 | INFO: Data are loaded, start creating Blender stuff
18:33:54 | INFO: Blender create Mesh node 0
18:33:54 | INFO: Blender create Mesh node 0
18:33:55 | INFO: glTF import finished in 0.82s
18:33:55 | INFO: glTF import finished in 0.82s
18:33:55 | INFO: Starting glTF 2.0 export
18:33:55 | INFO: Starting glTF 2.0 export
18:33:55 | INFO: Extracting primitive: Mesh_0
18:33:55 | INFO: Extracting primitive: Mesh_0
18:33:56 | INFO: Primitives created: 1
18:33:56 | INFO: Primitives created: 1
18:33:56 | INFO: Finished glTF 2.0 export in 1.0055665969848633 s
18:33:56 | INFO: Finished glTF 2.0 export in 1.0055665969848633 s

[Dragonfly Black] RESCALED (1.0, 1.0, 1.0) -> 0.01, written to model_scaled.glb
18:33:56 | INFO: Data are loaded, start creating Blender stuff
18:33:56 | INFO: Data are loaded, start creating Blender stuff
18:33:56 | INFO: Blender create Mesh node 0
18:33:56 | INFO: Blender create Mesh node 0
18:33:57 | INFO: glTF import finished in 0.87s
18:33:57 | INFO: glTF import finished in 0.87s
18:33:57 | INFO: Starting glTF 2.0 export
18:33:57 | INFO: Starting glTF 2.0 export
18:33:57 | INFO: Extracting primitive: Mesh_0
18:33:57 | INFO: Extracting primitive: Mesh_0
18:33:58 | INFO: Primitives created: 1
18:33:58 | INFO: Primitives created: 1
18:33:58 | INFO: Finished glTF 2.0 export in 0.9699785709381104 s
18:33:58 | INFO: Finished glTF 2.0 export in 0.9699785709381104 s

[Dragonfly Yellowjacket] RESCALED (1.0, 1.0, 1.0) -> 0.01, written to model_scaled.glb
18:33:58 | INFO: Data are loaded, start creating Blender stuff
18:33:58 | INFO: Data are loaded, start creating Blender stuff
18:33:58 | INFO: Blender create Mesh node 0
18:33:58 | INFO: Blender create Mesh node 0
18:33:59 | INFO: glTF import finished in 1.39s
18:33:59 | INFO: glTF import finished in 1.39s
18:33:59 | INFO: Starting glTF 2.0 export
18:33:59 | INFO: Starting glTF 2.0 export
18:34:00 | INFO: Extracting primitive: Mesh_0
18:34:00 | INFO: Extracting primitive: Mesh_0
18:34:01 | INFO: Primitives created: 1
18:34:01 | INFO: Primitives created: 1
18:34:01 | INFO: Finished glTF 2.0 export in 1.8571412563323975 s
18:34:01 | INFO: Finished glTF 2.0 export in 1.8571412563323975 s

[E1 Spirit] RESCALED (1.0, 1.0, 1.0) -> 0.01, written to model_scaled.glb
18:34:01 | INFO: Data are loaded, start creating Blender stuff
18:34:01 | INFO: Data are loaded, start creating Blender stuff
18:34:01 | INFO: Blender create Mesh node 0
18:34:01 | INFO: Blender create Mesh node 0
18:34:02 | INFO: glTF import finished in 0.43s
18:34:02 | INFO: glTF import finished in 0.43s
18:34:02 | INFO: Starting glTF 2.0 export
18:34:02 | INFO: Starting glTF 2.0 export
18:34:02 | INFO: Extracting primitive: Mesh_0
18:34:02 | INFO: Extracting primitive: Mesh_0
18:34:02 | INFO: Primitives created: 1
18:34:02 | INFO: Primitives created: 1
18:34:02 | INFO: Finished glTF 2.0 export in 0.5907409191131592 s
18:34:02 | INFO: Finished glTF 2.0 export in 0.5907409191131592 s

[Eclipse] RESCALED (1.0, 1.0, 1.0) -> 0.01, written to model_scaled.glb
18:34:02 | INFO: Data are loaded, start creating Blender stuff
18:34:02 | INFO: Data are loaded, start creating Blender stuff
18:34:02 | INFO: Blender create Mesh node 0
18:34:02 | INFO: Blender create Mesh node 0
18:34:03 | INFO: glTF import finished in 0.71s
18:34:03 | INFO: glTF import finished in 0.71s
18:34:03 | INFO: Starting glTF 2.0 export
18:34:03 | INFO: Starting glTF 2.0 export
18:34:03 | INFO: Extracting primitive: Mesh_0
18:34:03 | INFO: Extracting primitive: Mesh_0
18:34:04 | INFO: Primitives created: 1
18:34:04 | INFO: Primitives created: 1
18:34:04 | INFO: Finished glTF 2.0 export in 0.8805484771728516 s
18:34:04 | INFO: Finished glTF 2.0 export in 0.8805484771728516 s

[Endeavor] RESCALED (1.0, 1.0, 1.0) -> 0.01, written to model_scaled.glb
18:34:04 | INFO: Data are loaded, start creating Blender stuff
18:34:04 | INFO: Data are loaded, start creating Blender stuff
18:34:04 | INFO: Blender create Mesh node 0
18:34:04 | INFO: Blender create Mesh node 0
18:34:06 | INFO: glTF import finished in 1.38s
18:34:06 | INFO: glTF import finished in 1.38s
18:34:06 | INFO: Starting glTF 2.0 export
18:34:06 | INFO: Starting glTF 2.0 export
18:34:06 | INFO: Extracting primitive: Mesh_0
18:34:06 | INFO: Extracting primitive: Mesh_0
18:34:07 | INFO: Primitives created: 1
18:34:07 | INFO: Primitives created: 1
18:34:07 | INFO: Finished glTF 2.0 export in 1.8702480792999268 s
18:34:07 | INFO: Finished glTF 2.0 export in 1.8702480792999268 s

[Expanse] RESCALED (1.0, 1.0, 1.0) -> 0.01, written to model_scaled.glb
18:34:08 | INFO: Data are loaded, start creating Blender stuff
18:34:08 | INFO: Data are loaded, start creating Blender stuff
18:34:08 | INFO: Blender create Mesh node 0
18:34:08 | INFO: Blender create Mesh node 0
18:34:08 | INFO: glTF import finished in 0.46s
18:34:08 | INFO: glTF import finished in 0.46s
18:34:08 | INFO: Starting glTF 2.0 export
18:34:08 | INFO: Starting glTF 2.0 export
18:34:08 | INFO: Extracting primitive: Mesh_0
18:34:08 | INFO: Extracting primitive: Mesh_0
18:34:08 | INFO: Primitives created: 1
18:34:08 | INFO: Primitives created: 1
18:34:08 | INFO: Finished glTF 2.0 export in 0.509871244430542 s
18:34:08 | INFO: Finished glTF 2.0 export in 0.509871244430542 s

[F7A Hornet Mk I] RESCALED (1.0, 1.0, 1.0) -> 0.01, written to model_scaled.glb
18:34:09 | INFO: Data are loaded, start creating Blender stuff
18:34:09 | INFO: Data are loaded, start creating Blender stuff
18:34:09 | INFO: Blender create Mesh node 0
18:34:09 | INFO: Blender create Mesh node 0
18:34:09 | INFO: glTF import finished in 0.48s
18:34:09 | INFO: glTF import finished in 0.48s
18:34:09 | INFO: Starting glTF 2.0 export
18:34:09 | INFO: Starting glTF 2.0 export
18:34:09 | INFO: Extracting primitive: Mesh_0
18:34:09 | INFO: Extracting primitive: Mesh_0
18:34:10 | INFO: Primitives created: 1
18:34:10 | INFO: Primitives created: 1
18:34:10 | INFO: Finished glTF 2.0 export in 0.6849982738494873 s
18:34:10 | INFO: Finished glTF 2.0 export in 0.6849982738494873 s

[F7A Hornet Mk II] RESCALED (1.0, 1.0, 1.0) -> 0.01, written to model_scaled.glb
18:34:10 | INFO: Data are loaded, start creating Blender stuff
18:34:10 | INFO: Data are loaded, start creating Blender stuff
18:34:10 | INFO: Blender create Mesh node 0
18:34:10 | INFO: Blender create Mesh node 0
18:34:10 | INFO: glTF import finished in 0.45s
18:34:10 | INFO: glTF import finished in 0.45s
18:34:10 | INFO: Starting glTF 2.0 export
18:34:10 | INFO: Starting glTF 2.0 export
18:34:10 | INFO: Extracting primitive: Mesh_0
18:34:10 | INFO: Extracting primitive: Mesh_0
18:34:11 | INFO: Primitives created: 1
18:34:11 | INFO: Primitives created: 1
18:34:11 | INFO: Finished glTF 2.0 export in 0.5143201351165771 s
18:34:11 | INFO: Finished glTF 2.0 export in 0.5143201351165771 s

[F7C Hornet Mk I] RESCALED (1.0, 1.0, 1.0) -> 0.01, written to model_scaled.glb
18:34:11 | INFO: Data are loaded, start creating Blender stuff
18:34:11 | INFO: Data are loaded, start creating Blender stuff
18:34:11 | INFO: Blender create Mesh node 0
18:34:11 | INFO: Blender create Mesh node 0
18:34:11 | INFO: glTF import finished in 0.26s
18:34:11 | INFO: glTF import finished in 0.26s
18:34:11 | INFO: Starting glTF 2.0 export
18:34:11 | INFO: Starting glTF 2.0 export
18:34:11 | INFO: Extracting primitive: Mesh_0
18:34:11 | INFO: Extracting primitive: Mesh_0
18:34:11 | INFO: Primitives created: 1
18:34:11 | INFO: Primitives created: 1
18:34:12 | INFO: Finished glTF 2.0 export in 0.3540232181549072 s
18:34:12 | INFO: Finished glTF 2.0 export in 0.3540232181549072 s

[F7C Hornet Mk II] RESCALED (1.0, 1.0, 1.0) -> 0.01, written to model_scaled.glb
18:34:12 | INFO: Data are loaded, start creating Blender stuff
18:34:12 | INFO: Data are loaded, start creating Blender stuff
18:34:12 | INFO: Blender create Mesh node 0
18:34:12 | INFO: Blender create Mesh node 0
18:34:12 | INFO: glTF import finished in 0.42s
18:34:12 | INFO: glTF import finished in 0.42s
18:34:12 | INFO: Starting glTF 2.0 export
18:34:12 | INFO: Starting glTF 2.0 export
18:34:12 | INFO: Extracting primitive: Mesh_0
18:34:12 | INFO: Extracting primitive: Mesh_0
18:34:13 | INFO: Primitives created: 1
18:34:13 | INFO: Primitives created: 1
18:34:13 | INFO: Finished glTF 2.0 export in 0.5497777462005615 s
18:34:13 | INFO: Finished glTF 2.0 export in 0.5497777462005615 s

[F7C Hornet Wildfire Mk I] RESCALED (1.0, 1.0, 1.0) -> 0.01, written to model_scaled.glb
18:34:13 | INFO: Data are loaded, start creating Blender stuff
18:34:13 | INFO: Data are loaded, start creating Blender stuff
18:34:13 | INFO: Blender create Mesh node 0
18:34:13 | INFO: Blender create Mesh node 0
18:34:13 | INFO: glTF import finished in 0.71s
18:34:13 | INFO: glTF import finished in 0.71s
18:34:13 | INFO: Starting glTF 2.0 export
18:34:13 | INFO: Starting glTF 2.0 export
18:34:14 | INFO: Extracting primitive: Mesh_0
18:34:14 | INFO: Extracting primitive: Mesh_0
18:34:14 | INFO: Primitives created: 1
18:34:14 | INFO: Primitives created: 1
18:34:14 | INFO: Finished glTF 2.0 export in 0.9083890914916992 s
18:34:14 | INFO: Finished glTF 2.0 export in 0.9083890914916992 s

[F7C-M Super Hornet Heartseeker Mk I] RESCALED (1.0, 1.0, 1.0) -> 0.01, written to model_scaled.glb
18:34:14 | INFO: Data are loaded, start creating Blender stuff
18:34:14 | INFO: Data are loaded, start creating Blender stuff
18:34:14 | INFO: Blender create Mesh node 0
18:34:14 | INFO: Blender create Mesh node 0
18:34:15 | INFO: glTF import finished in 0.68s
18:34:15 | INFO: glTF import finished in 0.68s
18:34:15 | INFO: Starting glTF 2.0 export
18:34:15 | INFO: Starting glTF 2.0 export
18:34:15 | INFO: Extracting primitive: Mesh_0
18:34:15 | INFO: Extracting primitive: Mesh_0
18:34:16 | INFO: Primitives created: 1
18:34:16 | INFO: Primitives created: 1
18:34:16 | INFO: Finished glTF 2.0 export in 0.8049180507659912 s
18:34:16 | INFO: Finished glTF 2.0 export in 0.8049180507659912 s

[F7C-M Super Hornet Mk I] RESCALED (1.0, 1.0, 1.0) -> 0.01, written to model_scaled.glb
18:34:16 | INFO: Data are loaded, start creating Blender stuff
18:34:16 | INFO: Data are loaded, start creating Blender stuff
18:34:16 | INFO: Blender create Mesh node 0
18:34:16 | INFO: Blender create Mesh node 0
18:34:16 | INFO: glTF import finished in 0.47s
18:34:16 | INFO: glTF import finished in 0.47s
18:34:16 | INFO: Starting glTF 2.0 export
18:34:16 | INFO: Starting glTF 2.0 export
18:34:17 | INFO: Extracting primitive: Mesh_0
18:34:17 | INFO: Extracting primitive: Mesh_0
18:34:17 | INFO: Primitives created: 1
18:34:17 | INFO: Primitives created: 1
18:34:17 | INFO: Finished glTF 2.0 export in 0.6307082176208496 s
18:34:17 | INFO: Finished glTF 2.0 export in 0.6307082176208496 s

[F7C-M Super Hornet Mk II] RESCALED (1.0, 1.0, 1.0) -> 0.01, written to model_scaled.glb
18:34:17 | INFO: Data are loaded, start creating Blender stuff
18:34:17 | INFO: Data are loaded, start creating Blender stuff
18:34:17 | INFO: Blender create Mesh node 0
18:34:17 | INFO: Blender create Mesh node 0
18:34:18 | INFO: glTF import finished in 0.60s
18:34:18 | INFO: glTF import finished in 0.60s
18:34:18 | INFO: Starting glTF 2.0 export
18:34:18 | INFO: Starting glTF 2.0 export
18:34:18 | INFO: Extracting primitive: Mesh_0
18:34:18 | INFO: Extracting primitive: Mesh_0
18:34:18 | INFO: Primitives created: 1
18:34:18 | INFO: Primitives created: 1
18:34:18 | INFO: Finished glTF 2.0 export in 0.6919810771942139 s
18:34:18 | INFO: Finished glTF 2.0 export in 0.6919810771942139 s

[F7C-R Hornet Tracker Mk I] RESCALED (1.0, 1.0, 1.0) -> 0.01, written to model_scaled.glb
18:34:19 | INFO: Data are loaded, start creating Blender stuff
18:34:19 | INFO: Data are loaded, start creating Blender stuff
18:34:19 | INFO: Blender create Mesh node 0
18:34:19 | INFO: Blender create Mesh node 0
18:34:19 | INFO: glTF import finished in 0.24s
18:34:19 | INFO: glTF import finished in 0.24s
18:34:19 | INFO: Starting glTF 2.0 export
18:34:19 | INFO: Starting glTF 2.0 export
18:34:19 | INFO: Extracting primitive: Mesh_0
18:34:19 | INFO: Extracting primitive: Mesh_0
18:34:19 | INFO: Primitives created: 1
18:34:19 | INFO: Primitives created: 1
18:34:19 | INFO: Finished glTF 2.0 export in 0.32103753089904785 s
18:34:19 | INFO: Finished glTF 2.0 export in 0.32103753089904785 s

[F7C-R Hornet Tracker Mk II] RESCALED (1.0, 1.0, 1.0) -> 0.01, written to model_scaled.glb
18:34:19 | INFO: Data are loaded, start creating Blender stuff
18:34:19 | INFO: Data are loaded, start creating Blender stuff
18:34:19 | INFO: Blender create Mesh node 0
18:34:19 | INFO: Blender create Mesh node 0
18:34:20 | INFO: glTF import finished in 0.47s
18:34:20 | INFO: glTF import finished in 0.47s
18:34:20 | INFO: Starting glTF 2.0 export
18:34:20 | INFO: Starting glTF 2.0 export
18:34:20 | INFO: Extracting primitive: Mesh_0
18:34:20 | INFO: Extracting primitive: Mesh_0
18:34:20 | INFO: Primitives created: 1
18:34:20 | INFO: Primitives created: 1
18:34:20 | INFO: Finished glTF 2.0 export in 0.6138045787811279 s
18:34:20 | INFO: Finished glTF 2.0 export in 0.6138045787811279 s

[F7C-S Hornet Ghost Mk I] RESCALED (1.0, 1.0, 1.0) -> 0.01, written to model_scaled.glb
18:34:20 | INFO: Data are loaded, start creating Blender stuff
18:34:20 | INFO: Data are loaded, start creating Blender stuff
18:34:20 | INFO: Blender create Mesh node 0
18:34:20 | INFO: Blender create Mesh node 0
18:34:21 | INFO: glTF import finished in 0.27s
18:34:21 | INFO: glTF import finished in 0.27s
18:34:21 | INFO: Starting glTF 2.0 export
18:34:21 | INFO: Starting glTF 2.0 export
18:34:21 | INFO: Extracting primitive: Mesh_0
18:34:21 | INFO: Extracting primitive: Mesh_0
18:34:21 | INFO: Primitives created: 1
18:34:21 | INFO: Primitives created: 1
18:34:21 | INFO: Finished glTF 2.0 export in 0.29276418685913086 s
18:34:21 | INFO: Finished glTF 2.0 export in 0.29276418685913086 s

[F7C-S Hornet Ghost Mk II] RESCALED (1.0, 1.0, 1.0) -> 0.01, written to model_scaled.glb
18:34:21 | INFO: Data are loaded, start creating Blender stuff
18:34:21 | INFO: Data are loaded, start creating Blender stuff
18:34:21 | INFO: Blender create Mesh node 0
18:34:21 | INFO: Blender create Mesh node 0
18:34:21 | INFO: glTF import finished in 0.42s
18:34:21 | INFO: glTF import finished in 0.42s
18:34:21 | INFO: Starting glTF 2.0 export
18:34:21 | INFO: Starting glTF 2.0 export
18:34:22 | INFO: Extracting primitive: Mesh_0
18:34:22 | INFO: Extracting primitive: Mesh_0
18:34:22 | INFO: Primitives created: 1
18:34:22 | INFO: Primitives created: 1
18:34:22 | INFO: Finished glTF 2.0 export in 0.5398216247558594 s
18:34:22 | INFO: Finished glTF 2.0 export in 0.5398216247558594 s

[F8C Lightning] RESCALED (1.0, 1.0, 1.0) -> 0.01, written to model_scaled.glb
18:34:22 | INFO: Data are loaded, start creating Blender stuff
18:34:22 | INFO: Data are loaded, start creating Blender stuff
18:34:22 | INFO: Blender create Mesh node 0
18:34:22 | INFO: Blender create Mesh node 0
18:34:22 | INFO: glTF import finished in 0.37s
18:34:22 | INFO: glTF import finished in 0.37s
18:34:22 | INFO: Starting glTF 2.0 export
18:34:22 | INFO: Starting glTF 2.0 export
18:34:23 | INFO: Extracting primitive: Mesh_0
18:34:23 | INFO: Extracting primitive: Mesh_0
18:34:23 | INFO: Primitives created: 1
18:34:23 | INFO: Primitives created: 1
18:34:23 | INFO: Finished glTF 2.0 export in 0.5263485908508301 s
18:34:23 | INFO: Finished glTF 2.0 export in 0.5263485908508301 s

[F8C Lightning Executive Edition] RESCALED (1.0, 1.0, 1.0) -> 0.01, written to model_scaled.glb
18:34:23 | INFO: Data are loaded, start creating Blender stuff
18:34:23 | INFO: Data are loaded, start creating Blender stuff
18:34:23 | INFO: Blender create Mesh node 0
18:34:23 | INFO: Blender create Mesh node 0
18:34:24 | INFO: glTF import finished in 0.65s
18:34:24 | INFO: glTF import finished in 0.65s
18:34:24 | INFO: Starting glTF 2.0 export
18:34:24 | INFO: Starting glTF 2.0 export
18:34:24 | INFO: Extracting primitive: Mesh_0
18:34:24 | INFO: Extracting primitive: Mesh_0
18:34:25 | INFO: Primitives created: 1
18:34:25 | INFO: Primitives created: 1
18:34:25 | INFO: Finished glTF 2.0 export in 0.8259906768798828 s
18:34:25 | INFO: Finished glTF 2.0 export in 0.8259906768798828 s

[Fortune] RESCALED (1.0, 1.0, 1.0) -> 0.01, written to model_scaled.glb
18:34:25 | INFO: Data are loaded, start creating Blender stuff
18:34:25 | INFO: Data are loaded, start creating Blender stuff
18:34:25 | INFO: Blender create Mesh node 0
18:34:25 | INFO: Blender create Mesh node 0
18:34:27 | INFO: glTF import finished in 2.58s
18:34:27 | INFO: glTF import finished in 2.58s
18:34:27 | INFO: Starting glTF 2.0 export
18:34:27 | INFO: Starting glTF 2.0 export
18:34:28 | INFO: Extracting primitive: Mesh_0
18:34:28 | INFO: Extracting primitive: Mesh_0
18:34:31 | INFO: Primitives created: 1
18:34:31 | INFO: Primitives created: 1
18:34:31 | INFO: Finished glTF 2.0 export in 3.4037508964538574 s
18:34:31 | INFO: Finished glTF 2.0 export in 3.4037508964538574 s

[Freelancer] RESCALED (1.0, 1.0, 1.0) -> 0.01, written to model_scaled.glb
18:34:31 | INFO: Data are loaded, start creating Blender stuff
18:34:31 | INFO: Data are loaded, start creating Blender stuff
18:34:31 | INFO: Blender create Mesh node 0
18:34:31 | INFO: Blender create Mesh node 0
18:34:31 | INFO: glTF import finished in 0.61s
18:34:31 | INFO: glTF import finished in 0.61s
18:34:31 | INFO: Starting glTF 2.0 export
18:34:31 | INFO: Starting glTF 2.0 export
18:34:32 | INFO: Extracting primitive: Mesh_0
18:34:32 | INFO: Extracting primitive: Mesh_0
18:34:32 | INFO: Primitives created: 1
18:34:32 | INFO: Primitives created: 1
18:34:32 | INFO: Finished glTF 2.0 export in 0.7619495391845703 s
18:34:32 | INFO: Finished glTF 2.0 export in 0.7619495391845703 s

[Freelancer DUR] RESCALED (1.0, 1.0, 1.0) -> 0.01, written to model_scaled.glb
18:34:32 | INFO: Data are loaded, start creating Blender stuff
18:34:32 | INFO: Data are loaded, start creating Blender stuff
18:34:32 | INFO: Blender create Mesh node 0
18:34:32 | INFO: Blender create Mesh node 0
18:34:33 | INFO: glTF import finished in 0.53s
18:34:33 | INFO: glTF import finished in 0.53s
18:34:33 | INFO: Starting glTF 2.0 export
18:34:33 | INFO: Starting glTF 2.0 export
18:34:33 | INFO: Extracting primitive: Mesh_0
18:34:33 | INFO: Extracting primitive: Mesh_0
18:34:33 | INFO: Primitives created: 1
18:34:33 | INFO: Primitives created: 1
18:34:34 | INFO: Finished glTF 2.0 export in 0.6965713500976562 s
18:34:34 | INFO: Finished glTF 2.0 export in 0.6965713500976562 s

[Freelancer MAX] RESCALED (1.0, 1.0, 1.0) -> 0.01, written to model_scaled.glb
18:34:34 | INFO: Data are loaded, start creating Blender stuff
18:34:34 | INFO: Data are loaded, start creating Blender stuff
18:34:34 | INFO: Blender create Mesh node 0
18:34:34 | INFO: Blender create Mesh node 0
18:34:34 | INFO: glTF import finished in 0.54s
18:34:34 | INFO: glTF import finished in 0.54s
18:34:34 | INFO: Starting glTF 2.0 export
18:34:34 | INFO: Starting glTF 2.0 export
18:34:34 | INFO: Extracting primitive: Mesh_0
18:34:34 | INFO: Extracting primitive: Mesh_0
18:34:35 | INFO: Primitives created: 1
18:34:35 | INFO: Primitives created: 1
18:34:35 | INFO: Finished glTF 2.0 export in 0.758065938949585 s
18:34:35 | INFO: Finished glTF 2.0 export in 0.758065938949585 s

[Freelancer MIS] RESCALED (1.0, 1.0, 1.0) -> 0.01, written to model_scaled.glb
[Fury] MISSING - model.glb not found
18:34:35 | INFO: Data are loaded, start creating Blender stuff
18:34:35 | INFO: Data are loaded, start creating Blender stuff
18:34:35 | INFO: Blender create Mesh node 0
18:34:35 | INFO: Blender create Mesh node 0
18:34:35 | INFO: glTF import finished in 0.40s
18:34:35 | INFO: glTF import finished in 0.40s
18:34:35 | INFO: Starting glTF 2.0 export
18:34:35 | INFO: Starting glTF 2.0 export
18:34:36 | INFO: Extracting primitive: Mesh_0
18:34:36 | INFO: Extracting primitive: Mesh_0
18:34:36 | INFO: Primitives created: 1
18:34:36 | INFO: Primitives created: 1
18:34:36 | INFO: Finished glTF 2.0 export in 0.5169107913970947 s
18:34:36 | INFO: Finished glTF 2.0 export in 0.5169107913970947 s

[Fury LX] RESCALED (1.0, 1.0, 1.0) -> 0.01, written to model_scaled.glb
18:34:36 | INFO: Data are loaded, start creating Blender stuff
18:34:36 | INFO: Data are loaded, start creating Blender stuff
18:34:36 | INFO: Blender create Mesh node 0
18:34:36 | INFO: Blender create Mesh node 0
18:34:36 | INFO: glTF import finished in 0.35s
18:34:36 | INFO: glTF import finished in 0.35s
18:34:36 | INFO: Starting glTF 2.0 export
18:34:36 | INFO: Starting glTF 2.0 export
18:34:36 | INFO: Extracting primitive: Mesh_0
18:34:36 | INFO: Extracting primitive: Mesh_0
18:34:37 | INFO: Primitives created: 1
18:34:37 | INFO: Primitives created: 1
18:34:37 | INFO: Finished glTF 2.0 export in 0.40058445930480957 s
18:34:37 | INFO: Finished glTF 2.0 export in 0.40058445930480957 s

[Fury MX] RESCALED (1.0, 1.0, 1.0) -> 0.01, written to model_scaled.glb
18:34:37 | INFO: Data are loaded, start creating Blender stuff
18:34:37 | INFO: Data are loaded, start creating Blender stuff
18:34:37 | INFO: Blender create Mesh node 0
18:34:37 | INFO: Blender create Mesh node 0
18:34:38 | INFO: glTF import finished in 1.39s
18:34:38 | INFO: glTF import finished in 1.39s
18:34:38 | INFO: Starting glTF 2.0 export
18:34:38 | INFO: Starting glTF 2.0 export
18:34:39 | INFO: Extracting primitive: Mesh_0
18:34:39 | INFO: Extracting primitive: Mesh_0
18:34:40 | INFO: Primitives created: 1
18:34:40 | INFO: Primitives created: 1
18:34:40 | INFO: Finished glTF 2.0 export in 1.9041903018951416 s
18:34:40 | INFO: Finished glTF 2.0 export in 1.9041903018951416 s

[G12] RESCALED (1.0, 1.0, 1.0) -> 0.01, written to model_scaled.glb
18:34:40 | INFO: Data are loaded, start creating Blender stuff
18:34:40 | INFO: Data are loaded, start creating Blender stuff
18:34:40 | INFO: Blender create Mesh node 0
18:34:40 | INFO: Blender create Mesh node 0
18:34:42 | INFO: glTF import finished in 1.56s
18:34:42 | INFO: glTF import finished in 1.56s
18:34:42 | INFO: Starting glTF 2.0 export
18:34:42 | INFO: Starting glTF 2.0 export
18:34:42 | INFO: Extracting primitive: Mesh_0
18:34:42 | INFO: Extracting primitive: Mesh_0
18:34:44 | INFO: Primitives created: 1
18:34:44 | INFO: Primitives created: 1
18:34:44 | INFO: Finished glTF 2.0 export in 2.1193621158599854 s
18:34:44 | INFO: Finished glTF 2.0 export in 2.1193621158599854 s

[G12a] RESCALED (1.0, 1.0, 1.0) -> 0.01, written to model_scaled.glb
18:34:44 | INFO: Data are loaded, start creating Blender stuff
18:34:44 | INFO: Data are loaded, start creating Blender stuff
18:34:44 | INFO: Blender create Mesh node 0
18:34:44 | INFO: Blender create Mesh node 0
18:34:46 | INFO: glTF import finished in 1.36s
18:34:46 | INFO: glTF import finished in 1.36s
18:34:46 | INFO: Starting glTF 2.0 export
18:34:46 | INFO: Starting glTF 2.0 export
18:34:46 | INFO: Extracting primitive: Mesh_0
18:34:46 | INFO: Extracting primitive: Mesh_0
18:34:47 | INFO: Primitives created: 1
18:34:47 | INFO: Primitives created: 1
18:34:47 | INFO: Finished glTF 2.0 export in 1.8108127117156982 s
18:34:47 | INFO: Finished glTF 2.0 export in 1.8108127117156982 s

[G12r] RESCALED (1.0, 1.0, 1.0) -> 0.01, written to model_scaled.glb
18:34:47 | INFO: Data are loaded, start creating Blender stuff
18:34:47 | INFO: Data are loaded, start creating Blender stuff
18:34:47 | INFO: Blender create Mesh node 0
18:34:47 | INFO: Blender create Mesh node 0
18:34:49 | INFO: glTF import finished in 1.47s
18:34:49 | INFO: glTF import finished in 1.47s
18:34:49 | INFO: Starting glTF 2.0 export
18:34:49 | INFO: Starting glTF 2.0 export
18:34:49 | INFO: Extracting primitive: Mesh_0
18:34:49 | INFO: Extracting primitive: Mesh_0
18:34:51 | INFO: Primitives created: 1
18:34:51 | INFO: Primitives created: 1
18:34:51 | INFO: Finished glTF 2.0 export in 1.8968498706817627 s
18:34:51 | INFO: Finished glTF 2.0 export in 1.8968498706817627 s

[Galaxy] RESCALED (1.0, 1.0, 1.0) -> 0.01, written to model_scaled.glb
18:34:51 | INFO: Data are loaded, start creating Blender stuff
18:34:51 | INFO: Data are loaded, start creating Blender stuff
18:34:51 | INFO: Blender create Mesh node 0
18:34:51 | INFO: Blender create Mesh node 0
18:34:51 | INFO: glTF import finished in 0.39s
18:34:51 | INFO: glTF import finished in 0.39s
18:34:51 | INFO: Starting glTF 2.0 export
18:34:51 | INFO: Starting glTF 2.0 export
18:34:51 | INFO: Extracting primitive: Mesh_0
18:34:51 | INFO: Extracting primitive: Mesh_0
18:34:52 | INFO: Primitives created: 1
18:34:52 | INFO: Primitives created: 1
18:34:52 | INFO: Finished glTF 2.0 export in 0.5067868232727051 s
18:34:52 | INFO: Finished glTF 2.0 export in 0.5067868232727051 s

[Genesis] RESCALED (1.0, 1.0, 1.0) -> 0.01, written to model_scaled.glb
18:34:52 | INFO: Data are loaded, start creating Blender stuff
18:34:52 | INFO: Data are loaded, start creating Blender stuff
18:34:52 | INFO: Blender create Mesh node 0
18:34:52 | INFO: Blender create Mesh node 0
18:34:52 | INFO: glTF import finished in 0.46s
18:34:52 | INFO: glTF import finished in 0.46s
18:34:52 | INFO: Starting glTF 2.0 export
18:34:52 | INFO: Starting glTF 2.0 export
18:34:52 | INFO: Extracting primitive: Mesh_0
18:34:52 | INFO: Extracting primitive: Mesh_0
18:34:53 | INFO: Primitives created: 1
18:34:53 | INFO: Primitives created: 1
18:34:53 | INFO: Finished glTF 2.0 export in 0.6623537540435791 s
18:34:53 | INFO: Finished glTF 2.0 export in 0.6623537540435791 s

[Gladiator] RESCALED (1.0, 1.0, 1.0) -> 0.01, written to model_scaled.glb
18:34:53 | INFO: Data are loaded, start creating Blender stuff
18:34:53 | INFO: Data are loaded, start creating Blender stuff
18:34:53 | INFO: Blender create Mesh node 0
18:34:53 | INFO: Blender create Mesh node 0
18:34:54 | INFO: glTF import finished in 0.63s
18:34:54 | INFO: glTF import finished in 0.63s
18:34:54 | INFO: Starting glTF 2.0 export
18:34:54 | INFO: Starting glTF 2.0 export
18:34:54 | INFO: Extracting primitive: Mesh_0
18:34:54 | INFO: Extracting primitive: Mesh_0
18:34:55 | INFO: Primitives created: 1
18:34:55 | INFO: Primitives created: 1
18:34:55 | INFO: Finished glTF 2.0 export in 0.8443670272827148 s
18:34:55 | INFO: Finished glTF 2.0 export in 0.8443670272827148 s

[Gladius Pirate Edition] RESCALED (1.0, 1.0, 1.0) -> 0.01, written to model_scaled.glb
18:34:55 | INFO: Data are loaded, start creating Blender stuff
18:34:55 | INFO: Data are loaded, start creating Blender stuff
18:34:55 | INFO: Blender create Mesh node 0
18:34:55 | INFO: Blender create Mesh node 0
18:34:55 | INFO: glTF import finished in 0.65s
18:34:55 | INFO: glTF import finished in 0.65s
18:34:55 | INFO: Starting glTF 2.0 export
18:34:55 | INFO: Starting glTF 2.0 export
18:34:56 | INFO: Extracting primitive: Mesh_0
18:34:56 | INFO: Extracting primitive: Mesh_0
18:34:56 | INFO: Primitives created: 1
18:34:56 | INFO: Primitives created: 1
18:34:56 | INFO: Finished glTF 2.0 export in 0.678187370300293 s
18:34:56 | INFO: Finished glTF 2.0 export in 0.678187370300293 s

[Gladius Valiant] RESCALED (1.0, 1.0, 1.0) -> 0.01, written to model_scaled.glb
18:34:56 | INFO: Data are loaded, start creating Blender stuff
18:34:56 | INFO: Data are loaded, start creating Blender stuff
18:34:56 | INFO: Blender create Mesh node 0
18:34:56 | INFO: Blender create Mesh node 0
18:34:56 | INFO: glTF import finished in 0.32s
18:34:56 | INFO: glTF import finished in 0.32s
18:34:56 | INFO: Starting glTF 2.0 export
18:34:56 | INFO: Starting glTF 2.0 export
18:34:57 | INFO: Extracting primitive: Mesh_0
18:34:57 | INFO: Extracting primitive: Mesh_0
18:34:57 | INFO: Primitives created: 1
18:34:57 | INFO: Primitives created: 1
18:34:57 | INFO: Finished glTF 2.0 export in 0.42719173431396484 s
18:34:57 | INFO: Finished glTF 2.0 export in 0.42719173431396484 s

[Glaive] RESCALED (1.0, 1.0, 1.0) -> 0.01, written to model_scaled.glb
18:34:57 | INFO: Data are loaded, start creating Blender stuff
18:34:57 | INFO: Data are loaded, start creating Blender stuff
18:34:57 | INFO: Blender create Mesh node 0
18:34:57 | INFO: Blender create Mesh node 0
18:34:57 | INFO: glTF import finished in 0.45s
18:34:57 | INFO: glTF import finished in 0.45s
18:34:57 | INFO: Starting glTF 2.0 export
18:34:57 | INFO: Starting glTF 2.0 export
18:34:58 | INFO: Extracting primitive: Mesh_0
18:34:58 | INFO: Extracting primitive: Mesh_0
18:34:58 | INFO: Primitives created: 1
18:34:58 | INFO: Primitives created: 1
18:34:58 | INFO: Finished glTF 2.0 export in 0.6534910202026367 s
18:34:58 | INFO: Finished glTF 2.0 export in 0.6534910202026367 s

[Golem] RESCALED (1.0, 1.0, 1.0) -> 0.01, written to model_scaled.glb
18:34:58 | INFO: Data are loaded, start creating Blender stuff
18:34:58 | INFO: Data are loaded, start creating Blender stuff
18:34:58 | INFO: Blender create Mesh node 0
18:34:58 | INFO: Blender create Mesh node 0
18:35:00 | INFO: glTF import finished in 1.62s
18:35:00 | INFO: glTF import finished in 1.62s
18:35:00 | INFO: Starting glTF 2.0 export
18:35:00 | INFO: Starting glTF 2.0 export
18:35:00 | INFO: Extracting primitive: Mesh_0
18:35:00 | INFO: Extracting primitive: Mesh_0
18:35:02 | INFO: Primitives created: 1
18:35:02 | INFO: Primitives created: 1
18:35:02 | INFO: Finished glTF 2.0 export in 1.9934535026550293 s
18:35:02 | INFO: Finished glTF 2.0 export in 1.9934535026550293 s

[Golem OX] RESCALED (1.0, 1.0, 1.0) -> 0.01, written to model_scaled.glb
18:35:02 | INFO: Data are loaded, start creating Blender stuff
18:35:02 | INFO: Data are loaded, start creating Blender stuff
18:35:02 | INFO: Blender create Mesh node 0
18:35:02 | INFO: Blender create Mesh node 0
18:35:03 | INFO: glTF import finished in 0.95s
18:35:03 | INFO: glTF import finished in 0.95s
18:35:03 | INFO: Starting glTF 2.0 export
18:35:03 | INFO: Starting glTF 2.0 export
18:35:03 | INFO: Extracting primitive: Mesh_0
18:35:03 | INFO: Extracting primitive: Mesh_0
18:35:04 | INFO: Primitives created: 1
18:35:04 | INFO: Primitives created: 1
18:35:04 | INFO: Finished glTF 2.0 export in 1.198831558227539 s
18:35:04 | INFO: Finished glTF 2.0 export in 1.198831558227539 s

[Guardian] RESCALED (1.0, 1.0, 1.0) -> 0.01, written to model_scaled.glb
18:35:04 | INFO: Data are loaded, start creating Blender stuff
18:35:04 | INFO: Data are loaded, start creating Blender stuff
18:35:04 | INFO: Blender create Mesh node 0
18:35:04 | INFO: Blender create Mesh node 0
18:35:05 | INFO: glTF import finished in 1.03s
18:35:05 | INFO: glTF import finished in 1.03s
18:35:05 | INFO: Starting glTF 2.0 export
18:35:05 | INFO: Starting glTF 2.0 export
18:35:06 | INFO: Extracting primitive: Mesh_0
18:35:06 | INFO: Extracting primitive: Mesh_0
18:35:06 | INFO: Primitives created: 1
18:35:06 | INFO: Primitives created: 1
18:35:06 | INFO: Finished glTF 2.0 export in 1.2097129821777344 s
18:35:06 | INFO: Finished glTF 2.0 export in 1.2097129821777344 s

[Guardian MX] RESCALED (1.0, 1.0, 1.0) -> 0.01, written to model_scaled.glb
18:35:07 | INFO: Data are loaded, start creating Blender stuff
18:35:07 | INFO: Data are loaded, start creating Blender stuff
18:35:07 | INFO: Blender create Mesh node 0
18:35:07 | INFO: Blender create Mesh node 0
18:35:07 | INFO: glTF import finished in 0.94s
18:35:07 | INFO: glTF import finished in 0.94s
18:35:08 | INFO: Starting glTF 2.0 export
18:35:08 | INFO: Starting glTF 2.0 export
18:35:08 | INFO: Extracting primitive: Mesh_0
18:35:08 | INFO: Extracting primitive: Mesh_0
18:35:09 | INFO: Primitives created: 1
18:35:09 | INFO: Primitives created: 1
18:35:09 | INFO: Finished glTF 2.0 export in 1.309427261352539 s
18:35:09 | INFO: Finished glTF 2.0 export in 1.309427261352539 s

[Guardian QI] RESCALED (1.0, 1.0, 1.0) -> 0.01, written to model_scaled.glb
18:35:09 | INFO: Data are loaded, start creating Blender stuff
18:35:09 | INFO: Data are loaded, start creating Blender stuff
18:35:09 | INFO: Blender create Mesh node 0
18:35:09 | INFO: Blender create Mesh node 0
18:35:10 | INFO: glTF import finished in 1.45s
18:35:10 | INFO: glTF import finished in 1.45s
18:35:10 | INFO: Starting glTF 2.0 export
18:35:10 | INFO: Starting glTF 2.0 export
18:35:11 | INFO: Extracting primitive: Mesh_0
18:35:11 | INFO: Extracting primitive: Mesh_0
18:35:12 | INFO: Primitives created: 1
18:35:12 | INFO: Primitives created: 1
18:35:12 | INFO: Finished glTF 2.0 export in 1.7666749954223633 s
18:35:12 | INFO: Finished glTF 2.0 export in 1.7666749954223633 s

[Hammerhead] RESCALED (1.0, 1.0, 1.0) -> 0.01, written to model_scaled.glb
18:35:12 | INFO: Data are loaded, start creating Blender stuff
18:35:12 | INFO: Data are loaded, start creating Blender stuff
18:35:12 | INFO: Blender create Mesh node 0
18:35:12 | INFO: Blender create Mesh node 0
18:35:14 | INFO: glTF import finished in 1.45s
18:35:14 | INFO: glTF import finished in 1.45s
18:35:14 | INFO: Starting glTF 2.0 export
18:35:14 | INFO: Starting glTF 2.0 export
18:35:14 | INFO: Extracting primitive: Mesh_0
18:35:14 | INFO: Extracting primitive: Mesh_0
18:35:16 | INFO: Primitives created: 1
18:35:16 | INFO: Primitives created: 1
18:35:16 | INFO: Finished glTF 2.0 export in 1.8890657424926758 s
18:35:16 | INFO: Finished glTF 2.0 export in 1.8890657424926758 s

[Hammerhead Best In Show Edition 2949] RESCALED (1.0, 1.0, 1.0) -> 0.01, written to model_scaled.glb
18:35:16 | INFO: Data are loaded, start creating Blender stuff
18:35:16 | INFO: Data are loaded, start creating Blender stuff
18:35:16 | INFO: Blender create Mesh node 0
18:35:16 | INFO: Blender create Mesh node 0
18:35:17 | INFO: glTF import finished in 0.96s
18:35:17 | INFO: glTF import finished in 0.96s
18:35:17 | INFO: Starting glTF 2.0 export
18:35:17 | INFO: Starting glTF 2.0 export
18:35:17 | INFO: Extracting primitive: Mesh_0
18:35:17 | INFO: Extracting primitive: Mesh_0
18:35:18 | INFO: Primitives created: 1
18:35:18 | INFO: Primitives created: 1
18:35:18 | INFO: Finished glTF 2.0 export in 1.1978893280029297 s
18:35:18 | INFO: Finished glTF 2.0 export in 1.1978893280029297 s

[Hawk] RESCALED (1.0, 1.0, 1.0) -> 0.01, written to model_scaled.glb
18:35:18 | INFO: Data are loaded, start creating Blender stuff
18:35:18 | INFO: Data are loaded, start creating Blender stuff
18:35:18 | INFO: Blender create Mesh node 0
18:35:18 | INFO: Blender create Mesh node 0
18:35:19 | INFO: glTF import finished in 0.50s
18:35:19 | INFO: glTF import finished in 0.50s
18:35:19 | INFO: Starting glTF 2.0 export
18:35:19 | INFO: Starting glTF 2.0 export
18:35:19 | INFO: Extracting primitive: Mesh_0
18:35:19 | INFO: Extracting primitive: Mesh_0
18:35:19 | INFO: Primitives created: 1
18:35:19 | INFO: Primitives created: 1
18:35:19 | INFO: Finished glTF 2.0 export in 0.6005945205688477 s
18:35:19 | INFO: Finished glTF 2.0 export in 0.6005945205688477 s

[Herald] RESCALED (1.0, 1.0, 1.0) -> 0.01, written to model_scaled.glb
18:35:19 | INFO: Data are loaded, start creating Blender stuff
18:35:19 | INFO: Data are loaded, start creating Blender stuff
18:35:19 | INFO: Blender create Mesh node 0
18:35:19 | INFO: Blender create Mesh node 0
18:35:20 | INFO: glTF import finished in 0.36s
18:35:20 | INFO: glTF import finished in 0.36s
18:35:20 | INFO: Starting glTF 2.0 export
18:35:20 | INFO: Starting glTF 2.0 export
18:35:20 | INFO: Extracting primitive: Mesh_0
18:35:20 | INFO: Extracting primitive: Mesh_0
18:35:20 | INFO: Primitives created: 1
18:35:20 | INFO: Primitives created: 1
18:35:20 | INFO: Finished glTF 2.0 export in 0.45653581619262695 s
18:35:20 | INFO: Finished glTF 2.0 export in 0.45653581619262695 s

[HoverQuad] RESCALED (1.0, 1.0, 1.0) -> 0.01, written to model_scaled.glb
18:35:20 | INFO: Data are loaded, start creating Blender stuff
18:35:20 | INFO: Data are loaded, start creating Blender stuff
18:35:20 | INFO: Blender create Mesh node 0
18:35:20 | INFO: Blender create Mesh node 0
18:35:20 | INFO: glTF import finished in 0.28s
18:35:20 | INFO: glTF import finished in 0.28s
18:35:20 | INFO: Starting glTF 2.0 export
18:35:20 | INFO: Starting glTF 2.0 export
18:35:21 | INFO: Extracting primitive: Mesh_0
18:35:21 | INFO: Extracting primitive: Mesh_0
18:35:21 | INFO: Primitives created: 1
18:35:21 | INFO: Primitives created: 1
18:35:21 | INFO: Finished glTF 2.0 export in 0.30020666122436523 s
18:35:21 | INFO: Finished glTF 2.0 export in 0.30020666122436523 s

[Hull A] RESCALED (1.0, 1.0, 1.0) -> 0.01, written to model_scaled.glb
18:35:21 | INFO: Data are loaded, start creating Blender stuff
18:35:21 | INFO: Data are loaded, start creating Blender stuff
18:35:21 | INFO: Blender create Mesh node 0
18:35:21 | INFO: Blender create Mesh node 0
18:35:21 | INFO: glTF import finished in 0.40s
18:35:21 | INFO: glTF import finished in 0.40s
18:35:21 | INFO: Starting glTF 2.0 export
18:35:21 | INFO: Starting glTF 2.0 export
18:35:21 | INFO: Extracting primitive: Mesh_0
18:35:21 | INFO: Extracting primitive: Mesh_0
18:35:22 | INFO: Primitives created: 1
18:35:22 | INFO: Primitives created: 1
18:35:22 | INFO: Finished glTF 2.0 export in 0.5573809146881104 s
18:35:22 | INFO: Finished glTF 2.0 export in 0.5573809146881104 s

[Hull B] RESCALED (1.0, 1.0, 1.0) -> 0.01, written to model_scaled.glb
18:35:22 | INFO: Data are loaded, start creating Blender stuff
18:35:22 | INFO: Data are loaded, start creating Blender stuff
18:35:22 | INFO: Blender create Mesh node 0
18:35:22 | INFO: Blender create Mesh node 0
18:35:23 | INFO: glTF import finished in 0.72s
18:35:23 | INFO: glTF import finished in 0.72s
18:35:23 | INFO: Starting glTF 2.0 export
18:35:23 | INFO: Starting glTF 2.0 export
18:35:23 | INFO: Extracting primitive: Mesh_0
18:35:23 | INFO: Extracting primitive: Mesh_0
18:35:23 | INFO: Primitives created: 1
18:35:23 | INFO: Primitives created: 1
18:35:23 | INFO: Finished glTF 2.0 export in 0.8044614791870117 s
18:35:23 | INFO: Finished glTF 2.0 export in 0.8044614791870117 s

[Hull C] RESCALED (1.0, 1.0, 1.0) -> 0.01, written to model_scaled.glb
18:35:24 | INFO: Data are loaded, start creating Blender stuff
18:35:24 | INFO: Data are loaded, start creating Blender stuff
18:35:24 | INFO: Blender create Mesh node 0
18:35:24 | INFO: Blender create Mesh node 0
18:35:25 | INFO: glTF import finished in 1.16s
18:35:25 | INFO: glTF import finished in 1.16s
18:35:25 | INFO: Starting glTF 2.0 export
18:35:25 | INFO: Starting glTF 2.0 export
18:35:25 | INFO: Extracting primitive: Mesh_0
18:35:25 | INFO: Extracting primitive: Mesh_0
18:35:26 | INFO: Primitives created: 1
18:35:26 | INFO: Primitives created: 1
18:35:26 | INFO: Finished glTF 2.0 export in 1.369936466217041 s
18:35:26 | INFO: Finished glTF 2.0 export in 1.369936466217041 s

[Hull D] RESCALED (1.0, 1.0, 1.0) -> 0.01, written to model_scaled.glb
18:35:26 | INFO: Data are loaded, start creating Blender stuff
18:35:26 | INFO: Data are loaded, start creating Blender stuff
18:35:26 | INFO: Blender create Mesh node 0
18:35:26 | INFO: Blender create Mesh node 0
18:35:28 | INFO: glTF import finished in 2.02s
18:35:28 | INFO: glTF import finished in 2.02s
18:35:28 | INFO: Starting glTF 2.0 export
18:35:28 | INFO: Starting glTF 2.0 export
18:35:29 | INFO: Extracting primitive: Mesh_0
18:35:29 | INFO: Extracting primitive: Mesh_0
18:35:30 | INFO: Primitives created: 1
18:35:30 | INFO: Primitives created: 1
18:35:31 | INFO: Finished glTF 2.0 export in 2.4152653217315674 s
18:35:31 | INFO: Finished glTF 2.0 export in 2.4152653217315674 s

[Hull E] RESCALED (1.0, 1.0, 1.0) -> 0.01, written to model_scaled.glb
18:35:31 | INFO: Data are loaded, start creating Blender stuff
18:35:31 | INFO: Data are loaded, start creating Blender stuff
18:35:31 | INFO: Blender create Mesh node 0
18:35:31 | INFO: Blender create Mesh node 0
18:35:32 | INFO: glTF import finished in 1.51s
18:35:32 | INFO: glTF import finished in 1.51s
18:35:32 | INFO: Starting glTF 2.0 export
18:35:32 | INFO: Starting glTF 2.0 export
18:35:33 | INFO: Extracting primitive: Mesh_0
18:35:33 | INFO: Extracting primitive: Mesh_0
18:35:34 | INFO: Primitives created: 1
18:35:34 | INFO: Primitives created: 1
18:35:34 | INFO: Finished glTF 2.0 export in 1.7642326354980469 s
18:35:34 | INFO: Finished glTF 2.0 export in 1.7642326354980469 s

[Hurricane] RESCALED (1.0, 1.0, 1.0) -> 0.01, written to model_scaled.glb
18:35:34 | INFO: Data are loaded, start creating Blender stuff
18:35:34 | INFO: Data are loaded, start creating Blender stuff
18:35:34 | INFO: Blender create Mesh node 0
18:35:34 | INFO: Blender create Mesh node 0
18:35:35 | INFO: glTF import finished in 1.33s
18:35:35 | INFO: glTF import finished in 1.33s
18:35:35 | INFO: Starting glTF 2.0 export
18:35:35 | INFO: Starting glTF 2.0 export
18:35:36 | INFO: Extracting primitive: Mesh_0
18:35:36 | INFO: Extracting primitive: Mesh_0
18:35:37 | INFO: Primitives created: 1
18:35:37 | INFO: Primitives created: 1
18:35:37 | INFO: Finished glTF 2.0 export in 1.514587163925171 s
18:35:37 | INFO: Finished glTF 2.0 export in 1.514587163925171 s

[Idris-M] RESCALED (1.0, 1.0, 1.0) -> 0.01, written to model_scaled.glb
18:35:37 | INFO: Data are loaded, start creating Blender stuff
18:35:37 | INFO: Data are loaded, start creating Blender stuff
18:35:37 | INFO: Blender create Mesh node 0
18:35:37 | INFO: Blender create Mesh node 0
18:35:38 | INFO: glTF import finished in 1.18s
18:35:38 | INFO: glTF import finished in 1.18s
18:35:38 | INFO: Starting glTF 2.0 export
18:35:38 | INFO: Starting glTF 2.0 export
18:35:39 | INFO: Extracting primitive: Mesh_0
18:35:39 | INFO: Extracting primitive: Mesh_0
18:35:40 | INFO: Primitives created: 1
18:35:40 | INFO: Primitives created: 1
18:35:40 | INFO: Finished glTF 2.0 export in 1.4698379039764404 s
18:35:40 | INFO: Finished glTF 2.0 export in 1.4698379039764404 s

[Idris-P] RESCALED (1.0, 1.0, 1.0) -> 0.01, written to model_scaled.glb
18:35:40 | INFO: Data are loaded, start creating Blender stuff
18:35:40 | INFO: Data are loaded, start creating Blender stuff
18:35:40 | INFO: Blender create Mesh node 0
18:35:40 | INFO: Blender create Mesh node 0
18:35:41 | INFO: glTF import finished in 1.05s
18:35:41 | INFO: glTF import finished in 1.05s
18:35:41 | INFO: Starting glTF 2.0 export
18:35:41 | INFO: Starting glTF 2.0 export
18:35:41 | INFO: Extracting primitive: Mesh_0
18:35:41 | INFO: Extracting primitive: Mesh_0
18:35:42 | INFO: Primitives created: 1
18:35:42 | INFO: Primitives created: 1
18:35:42 | INFO: Finished glTF 2.0 export in 1.2343165874481201 s
18:35:42 | INFO: Finished glTF 2.0 export in 1.2343165874481201 s

[Intrepid] RESCALED (1.0, 1.0, 1.0) -> 0.01, written to model_scaled.glb
18:35:42 | INFO: Data are loaded, start creating Blender stuff
18:35:42 | INFO: Data are loaded, start creating Blender stuff
18:35:42 | INFO: Blender create Mesh node 0
18:35:42 | INFO: Blender create Mesh node 0
18:35:44 | INFO: glTF import finished in 1.80s
18:35:44 | INFO: glTF import finished in 1.80s
18:35:44 | INFO: Starting glTF 2.0 export
18:35:44 | INFO: Starting glTF 2.0 export
18:35:45 | INFO: Extracting primitive: Mesh_0
18:35:45 | INFO: Extracting primitive: Mesh_0
18:35:47 | INFO: Primitives created: 1
18:35:47 | INFO: Primitives created: 1
18:35:47 | INFO: Finished glTF 2.0 export in 2.628877878189087 s
18:35:47 | INFO: Finished glTF 2.0 export in 2.628877878189087 s

[Ironclad] RESCALED (1.0, 1.0, 1.0) -> 0.01, written to model_scaled.glb
18:35:47 | INFO: Data are loaded, start creating Blender stuff
18:35:47 | INFO: Data are loaded, start creating Blender stuff
18:35:47 | INFO: Blender create Mesh node 0
18:35:47 | INFO: Blender create Mesh node 0
18:35:49 | INFO: glTF import finished in 2.09s
18:35:49 | INFO: glTF import finished in 2.09s
18:35:49 | INFO: Starting glTF 2.0 export
18:35:49 | INFO: Starting glTF 2.0 export
18:35:50 | INFO: Extracting primitive: Mesh_0
18:35:50 | INFO: Extracting primitive: Mesh_0
18:35:51 | INFO: Primitives created: 1
18:35:51 | INFO: Primitives created: 1
18:35:51 | INFO: Finished glTF 2.0 export in 2.2982752323150635 s
18:35:51 | INFO: Finished glTF 2.0 export in 2.2982752323150635 s

[Ironclad Assault] RESCALED (1.0, 1.0, 1.0) -> 0.01, written to model_scaled.glb
18:35:51 | INFO: Data are loaded, start creating Blender stuff
18:35:51 | INFO: Data are loaded, start creating Blender stuff
18:35:51 | INFO: Blender create Mesh node 0
18:35:51 | INFO: Blender create Mesh node 0
18:35:53 | INFO: glTF import finished in 1.99s
18:35:53 | INFO: glTF import finished in 1.99s
18:35:53 | INFO: Starting glTF 2.0 export
18:35:53 | INFO: Starting glTF 2.0 export
18:35:54 | INFO: Extracting primitive: Mesh_0
18:35:54 | INFO: Extracting primitive: Mesh_0
18:35:56 | INFO: Primitives created: 1
18:35:56 | INFO: Primitives created: 1
18:35:56 | INFO: Finished glTF 2.0 export in 2.2052228450775146 s
18:35:56 | INFO: Finished glTF 2.0 export in 2.2052228450775146 s

[Javelin] RESCALED (1.0, 1.0, 1.0) -> 0.01, written to model_scaled.glb
18:35:56 | INFO: Data are loaded, start creating Blender stuff
18:35:56 | INFO: Data are loaded, start creating Blender stuff
18:35:56 | INFO: Blender create Mesh node 0
18:35:56 | INFO: Blender create Mesh node 0
18:35:56 | INFO: glTF import finished in 0.22s
18:35:56 | INFO: glTF import finished in 0.22s
18:35:56 | INFO: Starting glTF 2.0 export
18:35:56 | INFO: Starting glTF 2.0 export
18:35:56 | INFO: Extracting primitive: Mesh_0
18:35:56 | INFO: Extracting primitive: Mesh_0
18:35:56 | INFO: Primitives created: 1
18:35:56 | INFO: Primitives created: 1
18:35:56 | INFO: Finished glTF 2.0 export in 0.24319219589233398 s
18:35:56 | INFO: Finished glTF 2.0 export in 0.24319219589233398 s

[Khartu-Al] RESCALED (1.0, 1.0, 1.0) -> 0.01, written to model_scaled.glb
18:35:56 | INFO: Data are loaded, start creating Blender stuff
18:35:56 | INFO: Data are loaded, start creating Blender stuff
18:35:56 | INFO: Blender create Mesh node 0
18:35:56 | INFO: Blender create Mesh node 0
18:35:58 | INFO: glTF import finished in 1.21s
18:35:58 | INFO: glTF import finished in 1.21s
18:35:58 | INFO: Starting glTF 2.0 export
18:35:58 | INFO: Starting glTF 2.0 export
18:35:58 | INFO: Extracting primitive: Mesh_0
18:35:58 | INFO: Extracting primitive: Mesh_0
18:35:59 | INFO: Primitives created: 1
18:35:59 | INFO: Primitives created: 1
18:35:59 | INFO: Finished glTF 2.0 export in 1.700880527496338 s
18:35:59 | INFO: Finished glTF 2.0 export in 1.700880527496338 s

[Kraken] RESCALED (1.0, 1.0, 1.0) -> 0.01, written to model_scaled.glb
18:35:59 | INFO: Data are loaded, start creating Blender stuff
18:35:59 | INFO: Data are loaded, start creating Blender stuff
18:35:59 | INFO: Blender create Mesh node 0
18:35:59 | INFO: Blender create Mesh node 0
18:36:01 | INFO: glTF import finished in 1.08s
18:36:01 | INFO: glTF import finished in 1.08s
18:36:01 | INFO: Starting glTF 2.0 export
18:36:01 | INFO: Starting glTF 2.0 export
18:36:01 | INFO: Extracting primitive: Mesh_0
18:36:01 | INFO: Extracting primitive: Mesh_0
18:36:02 | INFO: Primitives created: 1
18:36:02 | INFO: Primitives created: 1
18:36:02 | INFO: Finished glTF 2.0 export in 1.4393894672393799 s
18:36:02 | INFO: Finished glTF 2.0 export in 1.4393894672393799 s

[Kraken Privateer] RESCALED (1.0, 1.0, 1.0) -> 0.01, written to model_scaled.glb
18:36:02 | INFO: Data are loaded, start creating Blender stuff
18:36:02 | INFO: Data are loaded, start creating Blender stuff
18:36:02 | INFO: Blender create Mesh node 0
18:36:02 | INFO: Blender create Mesh node 0
18:36:03 | INFO: glTF import finished in 0.62s
18:36:03 | INFO: glTF import finished in 0.62s
18:36:03 | INFO: Starting glTF 2.0 export
18:36:03 | INFO: Starting glTF 2.0 export
18:36:03 | INFO: Extracting primitive: Mesh_0
18:36:03 | INFO: Extracting primitive: Mesh_0
18:36:03 | INFO: Primitives created: 1
18:36:03 | INFO: Primitives created: 1
18:36:04 | INFO: Finished glTF 2.0 export in 0.8413689136505127 s
18:36:04 | INFO: Finished glTF 2.0 export in 0.8413689136505127 s

[L-21 Wolf] RESCALED (1.0, 1.0, 1.0) -> 0.01, written to model_scaled.glb
18:36:04 | INFO: Data are loaded, start creating Blender stuff
18:36:04 | INFO: Data are loaded, start creating Blender stuff
18:36:04 | INFO: Blender create Mesh node 0
18:36:04 | INFO: Blender create Mesh node 0
18:36:04 | INFO: glTF import finished in 0.70s
18:36:04 | INFO: glTF import finished in 0.70s
18:36:04 | INFO: Starting glTF 2.0 export
18:36:04 | INFO: Starting glTF 2.0 export
18:36:05 | INFO: Extracting primitive: Mesh_0
18:36:05 | INFO: Extracting primitive: Mesh_0
18:36:05 | INFO: Primitives created: 1
18:36:05 | INFO: Primitives created: 1
18:36:05 | INFO: Finished glTF 2.0 export in 0.8384480476379395 s
18:36:05 | INFO: Finished glTF 2.0 export in 0.8384480476379395 s

[L-22 Alpha Wolf] RESCALED (1.0, 1.0, 1.0) -> 0.01, written to model_scaled.glb
18:36:05 | INFO: Data are loaded, start creating Blender stuff
18:36:05 | INFO: Data are loaded, start creating Blender stuff
18:36:05 | INFO: Blender create Mesh node 0
18:36:05 | INFO: Blender create Mesh node 0
18:36:06 | INFO: glTF import finished in 1.22s
18:36:06 | INFO: glTF import finished in 1.22s
18:36:06 | INFO: Starting glTF 2.0 export
18:36:06 | INFO: Starting glTF 2.0 export
18:36:07 | INFO: Extracting primitive: Mesh_0
18:36:07 | INFO: Extracting primitive: Mesh_0
18:36:08 | INFO: Primitives created: 1
18:36:08 | INFO: Primitives created: 1
18:36:08 | INFO: Finished glTF 2.0 export in 1.6612744331359863 s
18:36:08 | INFO: Finished glTF 2.0 export in 1.6612744331359863 s

[Legionnaire] RESCALED (1.0, 1.0, 1.0) -> 0.01, written to model_scaled.glb
18:36:08 | INFO: Data are loaded, start creating Blender stuff
18:36:08 | INFO: Data are loaded, start creating Blender stuff
18:36:08 | INFO: Blender create Mesh node 0
18:36:08 | INFO: Blender create Mesh node 0
18:36:11 | INFO: glTF import finished in 2.92s
18:36:11 | INFO: glTF import finished in 2.92s
18:36:11 | INFO: Starting glTF 2.0 export
18:36:11 | INFO: Starting glTF 2.0 export
18:36:12 | INFO: Extracting primitive: Mesh_0
18:36:12 | INFO: Extracting primitive: Mesh_0
18:36:15 | INFO: Primitives created: 1
18:36:15 | INFO: Primitives created: 1
18:36:15 | INFO: Finished glTF 2.0 export in 4.010128021240234 s
18:36:15 | INFO: Finished glTF 2.0 export in 4.010128021240234 s

[Liberator] RESCALED (1.0, 1.0, 1.0) -> 0.01, written to model_scaled.glb
18:36:15 | INFO: Data are loaded, start creating Blender stuff
18:36:15 | INFO: Data are loaded, start creating Blender stuff
18:36:15 | INFO: Blender create Mesh node 0
18:36:15 | INFO: Blender create Mesh node 0
18:36:16 | INFO: glTF import finished in 0.19s
18:36:16 | INFO: glTF import finished in 0.19s
18:36:16 | INFO: Starting glTF 2.0 export
18:36:16 | INFO: Starting glTF 2.0 export
18:36:16 | INFO: Extracting primitive: Mesh_0
18:36:16 | INFO: Extracting primitive: Mesh_0
18:36:16 | INFO: Primitives created: 1
18:36:16 | INFO: Primitives created: 1
18:36:16 | INFO: Finished glTF 2.0 export in 0.22162437438964844 s
18:36:16 | INFO: Finished glTF 2.0 export in 0.22162437438964844 s

[Lynx] RESCALED (1.0, 1.0, 1.0) -> 0.01, written to model_scaled.glb
18:36:16 | INFO: Data are loaded, start creating Blender stuff
18:36:16 | INFO: Data are loaded, start creating Blender stuff
18:36:16 | INFO: Blender create Mesh node 0
18:36:16 | INFO: Blender create Mesh node 0
18:36:17 | INFO: glTF import finished in 1.06s
18:36:17 | INFO: glTF import finished in 1.06s
18:36:17 | INFO: Starting glTF 2.0 export
18:36:17 | INFO: Starting glTF 2.0 export
18:36:17 | INFO: Extracting primitive: Mesh_0
18:36:17 | INFO: Extracting primitive: Mesh_0
18:36:18 | INFO: Primitives created: 1
18:36:18 | INFO: Primitives created: 1
18:36:18 | INFO: Finished glTF 2.0 export in 1.410452127456665 s
18:36:18 | INFO: Finished glTF 2.0 export in 1.410452127456665 s

[M2 Hercules] RESCALED (1.0, 1.0, 1.0) -> 0.01, written to model_scaled.glb
18:36:18 | INFO: Data are loaded, start creating Blender stuff
18:36:18 | INFO: Data are loaded, start creating Blender stuff
18:36:18 | INFO: Blender create Mesh node 0
18:36:18 | INFO: Blender create Mesh node 0
18:36:19 | INFO: glTF import finished in 0.44s
18:36:19 | INFO: glTF import finished in 0.44s
18:36:19 | INFO: Starting glTF 2.0 export
18:36:19 | INFO: Starting glTF 2.0 export
18:36:19 | INFO: Extracting primitive: Mesh_0
18:36:19 | INFO: Extracting primitive: Mesh_0
18:36:19 | INFO: Primitives created: 1
18:36:19 | INFO: Primitives created: 1
18:36:19 | INFO: Finished glTF 2.0 export in 0.6299295425415039 s
18:36:19 | INFO: Finished glTF 2.0 export in 0.6299295425415039 s

[M50] RESCALED (1.0, 1.0, 1.0) -> 0.01, written to model_scaled.glb
18:36:20 | INFO: Data are loaded, start creating Blender stuff
18:36:20 | INFO: Data are loaded, start creating Blender stuff
18:36:20 | INFO: Blender create Mesh node 0
18:36:20 | INFO: Blender create Mesh node 0
18:36:20 | INFO: glTF import finished in 0.16s
18:36:20 | INFO: glTF import finished in 0.16s
18:36:20 | INFO: Starting glTF 2.0 export
18:36:20 | INFO: Starting glTF 2.0 export
18:36:20 | INFO: Extracting primitive: Mesh_0
18:36:20 | INFO: Extracting primitive: Mesh_0
18:36:20 | INFO: Primitives created: 1
18:36:20 | INFO: Primitives created: 1
18:36:20 | INFO: Finished glTF 2.0 export in 0.1937699317932129 s
18:36:20 | INFO: Finished glTF 2.0 export in 0.1937699317932129 s

[MDC] RESCALED (1.0, 1.0, 1.0) -> 0.01, written to model_scaled.glb
18:36:20 | INFO: Data are loaded, start creating Blender stuff
18:36:20 | INFO: Data are loaded, start creating Blender stuff
18:36:20 | INFO: Blender create Mesh node 0
18:36:20 | INFO: Blender create Mesh node 0
18:36:22 | INFO: glTF import finished in 1.55s
18:36:22 | INFO: glTF import finished in 1.55s
18:36:22 | INFO: Starting glTF 2.0 export
18:36:22 | INFO: Starting glTF 2.0 export
18:36:22 | INFO: Extracting primitive: Mesh_0
18:36:22 | INFO: Extracting primitive: Mesh_0
18:36:24 | INFO: Primitives created: 1
18:36:24 | INFO: Primitives created: 1
18:36:24 | INFO: Finished glTF 2.0 export in 2.1258766651153564 s
18:36:24 | INFO: Finished glTF 2.0 export in 2.1258766651153564 s

[MOLE] RESCALED (1.0, 1.0, 1.0) -> 0.01, written to model_scaled.glb
18:36:24 | INFO: Data are loaded, start creating Blender stuff
18:36:24 | INFO: Data are loaded, start creating Blender stuff
18:36:24 | INFO: Blender create Mesh node 0
18:36:24 | INFO: Blender create Mesh node 0
18:36:24 | INFO: glTF import finished in 0.48s
18:36:24 | INFO: glTF import finished in 0.48s
18:36:24 | INFO: Starting glTF 2.0 export
18:36:24 | INFO: Starting glTF 2.0 export
18:36:24 | INFO: Extracting primitive: Mesh_0
18:36:24 | INFO: Extracting primitive: Mesh_0
18:36:25 | INFO: Primitives created: 1
18:36:25 | INFO: Primitives created: 1
18:36:25 | INFO: Finished glTF 2.0 export in 0.5680027008056641 s
18:36:25 | INFO: Finished glTF 2.0 export in 0.5680027008056641 s

[MPUV Cargo] RESCALED (1.0, 1.0, 1.0) -> 0.01, written to model_scaled.glb
18:36:25 | INFO: Data are loaded, start creating Blender stuff
18:36:25 | INFO: Data are loaded, start creating Blender stuff
18:36:25 | INFO: Blender create Mesh node 0
18:36:25 | INFO: Blender create Mesh node 0
18:36:26 | INFO: glTF import finished in 0.50s
18:36:26 | INFO: glTF import finished in 0.50s
18:36:26 | INFO: Starting glTF 2.0 export
18:36:26 | INFO: Starting glTF 2.0 export
18:36:26 | INFO: Extracting primitive: Mesh_0
18:36:26 | INFO: Extracting primitive: Mesh_0
18:36:26 | INFO: Primitives created: 1
18:36:26 | INFO: Primitives created: 1
18:36:26 | INFO: Finished glTF 2.0 export in 0.695422887802124 s
18:36:26 | INFO: Finished glTF 2.0 export in 0.695422887802124 s

[MPUV Personnel] RESCALED (1.0, 1.0, 1.0) -> 0.01, written to model_scaled.glb
18:36:26 | INFO: Data are loaded, start creating Blender stuff
18:36:26 | INFO: Data are loaded, start creating Blender stuff
18:36:26 | INFO: Blender create Mesh node 0
18:36:26 | INFO: Blender create Mesh node 0
18:36:27 | INFO: glTF import finished in 0.47s
18:36:27 | INFO: glTF import finished in 0.47s
18:36:27 | INFO: Starting glTF 2.0 export
18:36:27 | INFO: Starting glTF 2.0 export
18:36:27 | INFO: Extracting primitive: Mesh_0
18:36:27 | INFO: Extracting primitive: Mesh_0
18:36:27 | INFO: Primitives created: 1
18:36:27 | INFO: Primitives created: 1
18:36:27 | INFO: Finished glTF 2.0 export in 0.5743498802185059 s
18:36:27 | INFO: Finished glTF 2.0 export in 0.5743498802185059 s

[MPUV Tractor] RESCALED (1.0, 1.0, 1.0) -> 0.01, written to model_scaled.glb
18:36:28 | INFO: Data are loaded, start creating Blender stuff
18:36:28 | INFO: Data are loaded, start creating Blender stuff
18:36:28 | INFO: Blender create Mesh node 0
18:36:28 | INFO: Blender create Mesh node 0
18:36:28 | INFO: glTF import finished in 0.28s
18:36:28 | INFO: glTF import finished in 0.28s
18:36:28 | INFO: Starting glTF 2.0 export
18:36:28 | INFO: Starting glTF 2.0 export
18:36:28 | INFO: Extracting primitive: Mesh_0
18:36:28 | INFO: Extracting primitive: Mesh_0
18:36:28 | INFO: Primitives created: 1
18:36:28 | INFO: Primitives created: 1
18:36:28 | INFO: Finished glTF 2.0 export in 0.44966697692871094 s
18:36:28 | INFO: Finished glTF 2.0 export in 0.44966697692871094 s

[MTC] RESCALED (1.0, 1.0, 1.0) -> 0.01, written to model_scaled.glb
[Mantis] MISSING - model.glb not found
[Merchantman] MISSING - model.glb not found
18:36:28 | INFO: Data are loaded, start creating Blender stuff
18:36:28 | INFO: Data are loaded, start creating Blender stuff
18:36:28 | INFO: Blender create Mesh node 0
18:36:28 | INFO: Blender create Mesh node 0
18:36:30 | INFO: glTF import finished in 1.30s
18:36:30 | INFO: glTF import finished in 1.30s
18:36:30 | INFO: Starting glTF 2.0 export
18:36:30 | INFO: Starting glTF 2.0 export
18:36:30 | INFO: Extracting primitive: Mesh_0
18:36:30 | INFO: Extracting primitive: Mesh_0
18:36:31 | INFO: Primitives created: 1
18:36:31 | INFO: Primitives created: 1
18:36:31 | INFO: Finished glTF 2.0 export in 1.7129900455474854 s
18:36:31 | INFO: Finished glTF 2.0 export in 1.7129900455474854 s

[Mercury] RESCALED (1.0, 1.0, 1.0) -> 0.01, written to model_scaled.glb
18:36:32 | INFO: Data are loaded, start creating Blender stuff
18:36:32 | INFO: Data are loaded, start creating Blender stuff
18:36:32 | INFO: Blender create Mesh node 0
18:36:32 | INFO: Blender create Mesh node 0
18:36:32 | INFO: glTF import finished in 0.24s
18:36:32 | INFO: glTF import finished in 0.24s
18:36:32 | INFO: Starting glTF 2.0 export
18:36:32 | INFO: Starting glTF 2.0 export
18:36:32 | INFO: Extracting primitive: Mesh_0
18:36:32 | INFO: Extracting primitive: Mesh_0
18:36:32 | INFO: Primitives created: 1
18:36:32 | INFO: Primitives created: 1
18:36:32 | INFO: Finished glTF 2.0 export in 0.31545352935791016 s
18:36:32 | INFO: Finished glTF 2.0 export in 0.31545352935791016 s

[Meteor] RESCALED (1.0, 1.0, 1.0) -> 0.01, written to model_scaled.glb
18:36:32 | INFO: Data are loaded, start creating Blender stuff
18:36:32 | INFO: Data are loaded, start creating Blender stuff
18:36:32 | INFO: Blender create Mesh node 0
18:36:32 | INFO: Blender create Mesh node 0
18:36:33 | INFO: glTF import finished in 0.62s
18:36:33 | INFO: glTF import finished in 0.62s
18:36:33 | INFO: Starting glTF 2.0 export
18:36:33 | INFO: Starting glTF 2.0 export
18:36:33 | INFO: Extracting primitive: Mesh_0
18:36:33 | INFO: Extracting primitive: Mesh_0
18:36:34 | INFO: Primitives created: 1
18:36:34 | INFO: Primitives created: 1
18:36:34 | INFO: Finished glTF 2.0 export in 0.8171765804290771 s
18:36:34 | INFO: Finished glTF 2.0 export in 0.8171765804290771 s

[Mule] RESCALED (1.0, 1.0, 1.0) -> 0.01, written to model_scaled.glb
18:36:34 | INFO: Data are loaded, start creating Blender stuff
18:36:34 | INFO: Data are loaded, start creating Blender stuff
18:36:34 | INFO: Blender create Mesh node 0
18:36:34 | INFO: Blender create Mesh node 0
18:36:34 | INFO: glTF import finished in 0.53s
18:36:34 | INFO: glTF import finished in 0.53s
18:36:34 | INFO: Starting glTF 2.0 export
18:36:34 | INFO: Starting glTF 2.0 export
18:36:34 | INFO: Extracting primitive: Mesh_0
18:36:34 | INFO: Extracting primitive: Mesh_0
18:36:35 | INFO: Primitives created: 1
18:36:35 | INFO: Primitives created: 1
18:36:35 | INFO: Finished glTF 2.0 export in 0.6214199066162109 s
18:36:35 | INFO: Finished glTF 2.0 export in 0.6214199066162109 s

[Mustang Alpha] RESCALED (1.0, 1.0, 1.0) -> 0.01, written to model_scaled.glb
18:36:35 | INFO: Data are loaded, start creating Blender stuff
18:36:35 | INFO: Data are loaded, start creating Blender stuff
18:36:35 | INFO: Blender create Mesh node 0
18:36:35 | INFO: Blender create Mesh node 0
18:36:36 | INFO: glTF import finished in 0.47s
18:36:36 | INFO: glTF import finished in 0.47s
18:36:36 | INFO: Starting glTF 2.0 export
18:36:36 | INFO: Starting glTF 2.0 export
18:36:36 | INFO: Extracting primitive: Mesh_0
18:36:36 | INFO: Extracting primitive: Mesh_0
18:36:36 | INFO: Primitives created: 1
18:36:36 | INFO: Primitives created: 1
18:36:36 | INFO: Finished glTF 2.0 export in 0.671924352645874 s
18:36:36 | INFO: Finished glTF 2.0 export in 0.671924352645874 s

[Mustang Alpha Vindicator] RESCALED (1.0, 1.0, 1.0) -> 0.01, written to model_scaled.glb
18:36:36 | INFO: Data are loaded, start creating Blender stuff
18:36:36 | INFO: Data are loaded, start creating Blender stuff
18:36:36 | INFO: Blender create Mesh node 0
18:36:36 | INFO: Blender create Mesh node 0
18:36:37 | INFO: glTF import finished in 0.48s
18:36:37 | INFO: glTF import finished in 0.48s
18:36:37 | INFO: Starting glTF 2.0 export
18:36:37 | INFO: Starting glTF 2.0 export
18:36:37 | INFO: Extracting primitive: Mesh_0
18:36:37 | INFO: Extracting primitive: Mesh_0
18:36:37 | INFO: Primitives created: 1
18:36:37 | INFO: Primitives created: 1
18:36:37 | INFO: Finished glTF 2.0 export in 0.551253080368042 s
18:36:37 | INFO: Finished glTF 2.0 export in 0.551253080368042 s

[Mustang Beta] RESCALED (1.0, 1.0, 1.0) -> 0.01, written to model_scaled.glb
18:36:37 | INFO: Data are loaded, start creating Blender stuff
18:36:37 | INFO: Data are loaded, start creating Blender stuff
18:36:37 | INFO: Blender create Mesh node 0
18:36:37 | INFO: Blender create Mesh node 0
18:36:38 | INFO: glTF import finished in 0.65s
18:36:38 | INFO: glTF import finished in 0.65s
18:36:38 | INFO: Starting glTF 2.0 export
18:36:38 | INFO: Starting glTF 2.0 export
18:36:38 | INFO: Extracting primitive: Mesh_0
18:36:38 | INFO: Extracting primitive: Mesh_0
18:36:39 | INFO: Primitives created: 1
18:36:39 | INFO: Primitives created: 1
18:36:39 | INFO: Finished glTF 2.0 export in 0.7690317630767822 s
18:36:39 | INFO: Finished glTF 2.0 export in 0.7690317630767822 s

[Mustang Delta] RESCALED (1.0, 1.0, 1.0) -> 0.01, written to model_scaled.glb
18:36:39 | INFO: Data are loaded, start creating Blender stuff
18:36:39 | INFO: Data are loaded, start creating Blender stuff
18:36:39 | INFO: Blender create Mesh node 0
18:36:39 | INFO: Blender create Mesh node 0
18:36:39 | INFO: glTF import finished in 0.41s
18:36:39 | INFO: glTF import finished in 0.41s
18:36:39 | INFO: Starting glTF 2.0 export
18:36:39 | INFO: Starting glTF 2.0 export
18:36:39 | INFO: Extracting primitive: Mesh_0
18:36:39 | INFO: Extracting primitive: Mesh_0
18:36:40 | INFO: Primitives created: 1
18:36:40 | INFO: Primitives created: 1
18:36:40 | INFO: Finished glTF 2.0 export in 0.5241820812225342 s
18:36:40 | INFO: Finished glTF 2.0 export in 0.5241820812225342 s

[Mustang Gamma] RESCALED (1.0, 1.0, 1.0) -> 0.01, written to model_scaled.glb
18:36:40 | INFO: Data are loaded, start creating Blender stuff
18:36:40 | INFO: Data are loaded, start creating Blender stuff
18:36:40 | INFO: Blender create Mesh node 0
18:36:40 | INFO: Blender create Mesh node 0
18:36:40 | INFO: glTF import finished in 0.42s
18:36:40 | INFO: glTF import finished in 0.42s
18:36:40 | INFO: Starting glTF 2.0 export
18:36:40 | INFO: Starting glTF 2.0 export
18:36:41 | INFO: Extracting primitive: Mesh_0
18:36:41 | INFO: Extracting primitive: Mesh_0
18:36:41 | INFO: Primitives created: 1
18:36:41 | INFO: Primitives created: 1
18:36:41 | INFO: Finished glTF 2.0 export in 0.524876594543457 s
18:36:41 | INFO: Finished glTF 2.0 export in 0.524876594543457 s

[Mustang Omega] RESCALED (1.0, 1.0, 1.0) -> 0.01, written to model_scaled.glb
18:36:41 | INFO: Data are loaded, start creating Blender stuff
18:36:41 | INFO: Data are loaded, start creating Blender stuff
18:36:41 | INFO: Blender create Mesh node 0
18:36:41 | INFO: Blender create Mesh node 0
18:36:43 | INFO: glTF import finished in 2.01s
18:36:43 | INFO: glTF import finished in 2.01s
18:36:43 | INFO: Starting glTF 2.0 export
18:36:43 | INFO: Starting glTF 2.0 export
18:36:44 | INFO: Extracting primitive: Mesh_0
18:36:44 | INFO: Extracting primitive: Mesh_0
18:36:46 | INFO: Primitives created: 1
18:36:46 | INFO: Primitives created: 1
18:36:46 | INFO: Finished glTF 2.0 export in 2.7370784282684326 s
18:36:46 | INFO: Finished glTF 2.0 export in 2.7370784282684326 s

[Nautilus] RESCALED (1.0, 1.0, 1.0) -> 0.01, written to model_scaled.glb
18:36:46 | INFO: Data are loaded, start creating Blender stuff
18:36:46 | INFO: Data are loaded, start creating Blender stuff
18:36:46 | INFO: Blender create Mesh node 0
18:36:46 | INFO: Blender create Mesh node 0
18:36:48 | INFO: glTF import finished in 1.88s
18:36:48 | INFO: glTF import finished in 1.88s
18:36:48 | INFO: Starting glTF 2.0 export
18:36:48 | INFO: Starting glTF 2.0 export
18:36:48 | INFO: Extracting primitive: Mesh_0
18:36:48 | INFO: Extracting primitive: Mesh_0
18:36:50 | INFO: Primitives created: 1
18:36:50 | INFO: Primitives created: 1
18:36:50 | INFO: Finished glTF 2.0 export in 2.552102565765381 s
18:36:50 | INFO: Finished glTF 2.0 export in 2.552102565765381 s

[Nautilus Solstice Edition] RESCALED (1.0, 1.0, 1.0) -> 0.01, written to model_scaled.glb
18:36:51 | INFO: Data are loaded, start creating Blender stuff
18:36:51 | INFO: Data are loaded, start creating Blender stuff
18:36:51 | INFO: Blender create Mesh node 0
18:36:51 | INFO: Blender create Mesh node 0
18:36:51 | INFO: glTF import finished in 0.39s
18:36:51 | INFO: glTF import finished in 0.39s
18:36:51 | INFO: Starting glTF 2.0 export
18:36:51 | INFO: Starting glTF 2.0 export
18:36:51 | INFO: Extracting primitive: Mesh_0
18:36:51 | INFO: Extracting primitive: Mesh_0
18:36:51 | INFO: Primitives created: 1
18:36:51 | INFO: Primitives created: 1
18:36:51 | INFO: Finished glTF 2.0 export in 0.5212111473083496 s
18:36:51 | INFO: Finished glTF 2.0 export in 0.5212111473083496 s

[Nomad] RESCALED (1.0, 1.0, 1.0) -> 0.01, written to model_scaled.glb
18:36:52 | INFO: Data are loaded, start creating Blender stuff
18:36:52 | INFO: Data are loaded, start creating Blender stuff
18:36:52 | INFO: Blender create Mesh node 0
18:36:52 | INFO: Blender create Mesh node 0
18:36:53 | INFO: glTF import finished in 1.29s
18:36:53 | INFO: glTF import finished in 1.29s
18:36:53 | INFO: Starting glTF 2.0 export
18:36:53 | INFO: Starting glTF 2.0 export
18:36:53 | INFO: Extracting primitive: Mesh_0
18:36:53 | INFO: Extracting primitive: Mesh_0
18:36:54 | INFO: Primitives created: 1
18:36:54 | INFO: Primitives created: 1
18:36:54 | INFO: Finished glTF 2.0 export in 1.5978574752807617 s
18:36:54 | INFO: Finished glTF 2.0 export in 1.5978574752807617 s

[Nova] RESCALED (1.0, 1.0, 1.0) -> 0.01, written to model_scaled.glb
18:36:55 | INFO: Data are loaded, start creating Blender stuff
18:36:55 | INFO: Data are loaded, start creating Blender stuff
18:36:55 | INFO: Blender create Mesh node 0
18:36:55 | INFO: Blender create Mesh node 0
18:36:55 | INFO: glTF import finished in 0.20s
18:36:55 | INFO: glTF import finished in 0.20s
18:36:55 | INFO: Starting glTF 2.0 export
18:36:55 | INFO: Starting glTF 2.0 export
18:36:55 | INFO: Extracting primitive: Mesh_0
18:36:55 | INFO: Extracting primitive: Mesh_0
18:36:55 | INFO: Primitives created: 1
18:36:55 | INFO: Primitives created: 1
18:36:55 | INFO: Finished glTF 2.0 export in 0.206329345703125 s
18:36:55 | INFO: Finished glTF 2.0 export in 0.206329345703125 s

[Nox] RESCALED (1.0, 1.0, 1.0) -> 0.01, written to model_scaled.glb
18:36:55 | INFO: Data are loaded, start creating Blender stuff
18:36:55 | INFO: Data are loaded, start creating Blender stuff
18:36:55 | INFO: Blender create Mesh node 0
18:36:55 | INFO: Blender create Mesh node 0
18:36:55 | INFO: glTF import finished in 0.16s
18:36:55 | INFO: glTF import finished in 0.16s
18:36:55 | INFO: Starting glTF 2.0 export
18:36:55 | INFO: Starting glTF 2.0 export
18:36:55 | INFO: Extracting primitive: Mesh_0
18:36:55 | INFO: Extracting primitive: Mesh_0
18:36:55 | INFO: Primitives created: 1
18:36:55 | INFO: Primitives created: 1
18:36:55 | INFO: Finished glTF 2.0 export in 0.26187992095947266 s
18:36:55 | INFO: Finished glTF 2.0 export in 0.26187992095947266 s

[Nox Kue] RESCALED (1.0, 1.0, 1.0) -> 0.01, written to model_scaled.glb
18:36:56 | INFO: Data are loaded, start creating Blender stuff
18:36:56 | INFO: Data are loaded, start creating Blender stuff
18:36:56 | INFO: Blender create Mesh node 0
18:36:56 | INFO: Blender create Mesh node 0
18:36:57 | INFO: glTF import finished in 1.18s
18:36:57 | INFO: glTF import finished in 1.18s
18:36:57 | INFO: Starting glTF 2.0 export
18:36:57 | INFO: Starting glTF 2.0 export
18:36:57 | INFO: Extracting primitive: Mesh_0
18:36:57 | INFO: Extracting primitive: Mesh_0
18:36:58 | INFO: Primitives created: 1
18:36:58 | INFO: Primitives created: 1
18:36:58 | INFO: Finished glTF 2.0 export in 1.6487200260162354 s
18:36:58 | INFO: Finished glTF 2.0 export in 1.6487200260162354 s

[Odyssey] RESCALED (1.0, 1.0, 1.0) -> 0.01, written to model_scaled.glb
18:36:59 | INFO: Data are loaded, start creating Blender stuff
18:36:59 | INFO: Data are loaded, start creating Blender stuff
18:36:59 | INFO: Blender create Mesh node 0
18:36:59 | INFO: Blender create Mesh node 0
18:37:00 | INFO: glTF import finished in 1.52s
18:37:00 | INFO: glTF import finished in 1.52s
18:37:00 | INFO: Starting glTF 2.0 export
18:37:00 | INFO: Starting glTF 2.0 export
18:37:00 | INFO: Extracting primitive: Mesh_0
18:37:00 | INFO: Extracting primitive: Mesh_0
18:37:02 | INFO: Primitives created: 1
18:37:02 | INFO: Primitives created: 1
18:37:02 | INFO: Finished glTF 2.0 export in 1.979827642440796 s
18:37:02 | INFO: Finished glTF 2.0 export in 1.979827642440796 s

[Orion] RESCALED (1.0, 1.0, 1.0) -> 0.01, written to model_scaled.glb
18:37:02 | INFO: Data are loaded, start creating Blender stuff
18:37:02 | INFO: Data are loaded, start creating Blender stuff
18:37:02 | INFO: Blender create Mesh node 0
18:37:02 | INFO: Blender create Mesh node 0
18:37:02 | INFO: glTF import finished in 0.20s
18:37:02 | INFO: glTF import finished in 0.20s
18:37:02 | INFO: Starting glTF 2.0 export
18:37:02 | INFO: Starting glTF 2.0 export
18:37:02 | INFO: Extracting primitive: Mesh_0
18:37:02 | INFO: Extracting primitive: Mesh_0
18:37:03 | INFO: Primitives created: 1
18:37:03 | INFO: Primitives created: 1
18:37:03 | INFO: Finished glTF 2.0 export in 0.23177671432495117 s
18:37:03 | INFO: Finished glTF 2.0 export in 0.23177671432495117 s

[P-52 Merlin] RESCALED (1.0, 1.0, 1.0) -> 0.01, written to model_scaled.glb
18:37:03 | INFO: Data are loaded, start creating Blender stuff
18:37:03 | INFO: Data are loaded, start creating Blender stuff
18:37:03 | INFO: Blender create Mesh node 0
18:37:03 | INFO: Blender create Mesh node 0
18:37:03 | INFO: glTF import finished in 0.55s
18:37:03 | INFO: glTF import finished in 0.55s
18:37:03 | INFO: Starting glTF 2.0 export
18:37:03 | INFO: Starting glTF 2.0 export
18:37:03 | INFO: Extracting primitive: Mesh_0
18:37:03 | INFO: Extracting primitive: Mesh_0
18:37:04 | INFO: Primitives created: 1
18:37:04 | INFO: Primitives created: 1
18:37:04 | INFO: Finished glTF 2.0 export in 0.6475875377655029 s
18:37:04 | INFO: Finished glTF 2.0 export in 0.6475875377655029 s

[P-72 Archimedes] RESCALED (1.0, 1.0, 1.0) -> 0.01, written to model_scaled.glb
18:37:04 | INFO: Data are loaded, start creating Blender stuff
18:37:04 | INFO: Data are loaded, start creating Blender stuff
18:37:04 | INFO: Blender create Mesh node 0
18:37:04 | INFO: Blender create Mesh node 0
18:37:05 | INFO: glTF import finished in 0.74s
18:37:05 | INFO: glTF import finished in 0.74s
18:37:05 | INFO: Starting glTF 2.0 export
18:37:05 | INFO: Starting glTF 2.0 export
18:37:05 | INFO: Extracting primitive: Mesh_0
18:37:05 | INFO: Extracting primitive: Mesh_0
18:37:05 | INFO: Primitives created: 1
18:37:05 | INFO: Primitives created: 1
18:37:05 | INFO: Finished glTF 2.0 export in 0.802497386932373 s
18:37:05 | INFO: Finished glTF 2.0 export in 0.802497386932373 s

[P-72 Archimedes Emerald] RESCALED (1.0, 1.0, 1.0) -> 0.01, written to model_scaled.glb
[PTV] MISSING - model.glb not found
18:37:06 | INFO: Data are loaded, start creating Blender stuff
18:37:06 | INFO: Data are loaded, start creating Blender stuff
18:37:06 | INFO: Blender create Mesh node 0
18:37:06 | INFO: Blender create Mesh node 0
18:37:06 | INFO: glTF import finished in 0.24s
18:37:06 | INFO: glTF import finished in 0.24s
18:37:06 | INFO: Starting glTF 2.0 export
18:37:06 | INFO: Starting glTF 2.0 export
18:37:06 | INFO: Extracting primitive: Mesh_0
18:37:06 | INFO: Extracting primitive: Mesh_0
18:37:06 | INFO: Primitives created: 1
18:37:06 | INFO: Primitives created: 1
18:37:06 | INFO: Finished glTF 2.0 export in 0.28759074211120605 s
18:37:06 | INFO: Finished glTF 2.0 export in 0.28759074211120605 s

[Paladin] RESCALED (1.0, 1.0, 1.0) -> 0.01, written to model_scaled.glb
18:37:06 | INFO: Data are loaded, start creating Blender stuff
18:37:06 | INFO: Data are loaded, start creating Blender stuff
18:37:06 | INFO: Blender create Mesh node 0
18:37:06 | INFO: Blender create Mesh node 0
18:37:08 | INFO: glTF import finished in 1.68s
18:37:08 | INFO: glTF import finished in 1.68s
18:37:08 | INFO: Starting glTF 2.0 export
18:37:08 | INFO: Starting glTF 2.0 export
18:37:08 | INFO: Extracting primitive: Mesh_0
18:37:08 | INFO: Extracting primitive: Mesh_0
18:37:10 | INFO: Primitives created: 1
18:37:10 | INFO: Primitives created: 1
18:37:10 | INFO: Finished glTF 2.0 export in 2.295928716659546 s
18:37:10 | INFO: Finished glTF 2.0 export in 2.295928716659546 s

[Perseus] RESCALED (1.0, 1.0, 1.0) -> 0.01, written to model_scaled.glb
18:37:10 | INFO: Data are loaded, start creating Blender stuff
18:37:10 | INFO: Data are loaded, start creating Blender stuff
18:37:10 | INFO: Blender create Mesh node 0
18:37:10 | INFO: Blender create Mesh node 0
18:37:12 | INFO: glTF import finished in 2.02s
18:37:12 | INFO: glTF import finished in 2.02s
18:37:12 | INFO: Starting glTF 2.0 export
18:37:12 | INFO: Starting glTF 2.0 export
18:37:13 | INFO: Extracting primitive: Mesh_0
18:37:13 | INFO: Extracting primitive: Mesh_0
18:37:15 | INFO: Primitives created: 1
18:37:15 | INFO: Primitives created: 1
18:37:15 | INFO: Finished glTF 2.0 export in 2.7257823944091797 s
18:37:15 | INFO: Finished glTF 2.0 export in 2.7257823944091797 s

[Pioneer] RESCALED (1.0, 1.0, 1.0) -> 0.01, written to model_scaled.glb
18:37:15 | INFO: Data are loaded, start creating Blender stuff
18:37:15 | INFO: Data are loaded, start creating Blender stuff
18:37:15 | INFO: Blender create Mesh node 0
18:37:15 | INFO: Blender create Mesh node 0
18:37:17 | INFO: glTF import finished in 1.86s
18:37:17 | INFO: glTF import finished in 1.86s
18:37:17 | INFO: Starting glTF 2.0 export
18:37:17 | INFO: Starting glTF 2.0 export
18:37:18 | INFO: Extracting primitive: Mesh_0
18:37:18 | INFO: Extracting primitive: Mesh_0
18:37:19 | INFO: Primitives created: 1
18:37:19 | INFO: Primitives created: 1
18:37:20 | INFO: Finished glTF 2.0 export in 2.3277695178985596 s
18:37:20 | INFO: Finished glTF 2.0 export in 2.3277695178985596 s

[Polaris] RESCALED (1.0, 1.0, 1.0) -> 0.01, written to model_scaled.glb
18:37:20 | INFO: Data are loaded, start creating Blender stuff
18:37:20 | INFO: Data are loaded, start creating Blender stuff
18:37:20 | INFO: Blender create Mesh node 0
18:37:20 | INFO: Blender create Mesh node 0
18:37:21 | INFO: glTF import finished in 0.89s
18:37:21 | INFO: glTF import finished in 0.89s
18:37:21 | INFO: Starting glTF 2.0 export
18:37:21 | INFO: Starting glTF 2.0 export
18:37:21 | INFO: Extracting primitive: Mesh_0
18:37:21 | INFO: Extracting primitive: Mesh_0
18:37:22 | INFO: Primitives created: 1
18:37:22 | INFO: Primitives created: 1
18:37:22 | INFO: Finished glTF 2.0 export in 1.162931203842163 s
18:37:22 | INFO: Finished glTF 2.0 export in 1.162931203842163 s

[Prospector] RESCALED (1.0, 1.0, 1.0) -> 0.01, written to model_scaled.glb
18:37:22 | INFO: Data are loaded, start creating Blender stuff
18:37:22 | INFO: Data are loaded, start creating Blender stuff
18:37:22 | INFO: Blender create Mesh node 0
18:37:22 | INFO: Blender create Mesh node 0
18:37:23 | INFO: glTF import finished in 1.04s
18:37:23 | INFO: glTF import finished in 1.04s
18:37:23 | INFO: Starting glTF 2.0 export
18:37:23 | INFO: Starting glTF 2.0 export
18:37:23 | INFO: Extracting primitive: Mesh_0
18:37:23 | INFO: Extracting primitive: Mesh_0
18:37:24 | INFO: Primitives created: 1
18:37:24 | INFO: Primitives created: 1
18:37:24 | INFO: Finished glTF 2.0 export in 1.306394338607788 s
18:37:24 | INFO: Finished glTF 2.0 export in 1.306394338607788 s

[Prowler] RESCALED (1.0, 1.0, 1.0) -> 0.01, written to model_scaled.glb
18:37:24 | INFO: Data are loaded, start creating Blender stuff
18:37:24 | INFO: Data are loaded, start creating Blender stuff
18:37:24 | INFO: Blender create Mesh node 0
18:37:24 | INFO: Blender create Mesh node 0
18:37:26 | INFO: glTF import finished in 1.31s
18:37:26 | INFO: glTF import finished in 1.31s
18:37:26 | INFO: Starting glTF 2.0 export
18:37:26 | INFO: Starting glTF 2.0 export
18:37:26 | INFO: Extracting primitive: Mesh_0
18:37:26 | INFO: Extracting primitive: Mesh_0
18:37:27 | INFO: Primitives created: 1
18:37:27 | INFO: Primitives created: 1
18:37:27 | INFO: Finished glTF 2.0 export in 1.2028677463531494 s
18:37:27 | INFO: Finished glTF 2.0 export in 1.2028677463531494 s

[Prowler Utility] RESCALED (1.0, 1.0, 1.0) -> 0.01, written to model_scaled.glb
18:37:27 | INFO: Data are loaded, start creating Blender stuff
18:37:27 | INFO: Data are loaded, start creating Blender stuff
18:37:27 | INFO: Blender create Mesh node 0
18:37:27 | INFO: Blender create Mesh node 0
18:37:27 | INFO: glTF import finished in 0.40s
18:37:27 | INFO: glTF import finished in 0.40s
18:37:27 | INFO: Starting glTF 2.0 export
18:37:27 | INFO: Starting glTF 2.0 export
18:37:27 | INFO: Extracting primitive: Mesh_0
18:37:27 | INFO: Extracting primitive: Mesh_0
18:37:28 | INFO: Primitives created: 1
18:37:28 | INFO: Primitives created: 1
18:37:28 | INFO: Finished glTF 2.0 export in 0.5680587291717529 s
18:37:28 | INFO: Finished glTF 2.0 export in 0.5680587291717529 s

[Pulse] RESCALED (1.0, 1.0, 1.0) -> 0.01, written to model_scaled.glb
18:37:28 | INFO: Data are loaded, start creating Blender stuff
18:37:28 | INFO: Data are loaded, start creating Blender stuff
18:37:28 | INFO: Blender create Mesh node 0
18:37:28 | INFO: Blender create Mesh node 0
18:37:28 | INFO: glTF import finished in 0.38s
18:37:28 | INFO: glTF import finished in 0.38s
18:37:28 | INFO: Starting glTF 2.0 export
18:37:28 | INFO: Starting glTF 2.0 export
18:37:28 | INFO: Extracting primitive: Mesh_0
18:37:28 | INFO: Extracting primitive: Mesh_0
18:37:29 | INFO: Primitives created: 1
18:37:29 | INFO: Primitives created: 1
18:37:29 | INFO: Finished glTF 2.0 export in 0.478273868560791 s
18:37:29 | INFO: Finished glTF 2.0 export in 0.478273868560791 s

[Pulse LX] RESCALED (1.0, 1.0, 1.0) -> 0.01, written to model_scaled.glb
18:37:29 | INFO: Data are loaded, start creating Blender stuff
18:37:29 | INFO: Data are loaded, start creating Blender stuff
18:37:29 | INFO: Blender create Mesh node 0
18:37:29 | INFO: Blender create Mesh node 0
18:37:30 | INFO: glTF import finished in 1.22s
18:37:30 | INFO: glTF import finished in 1.22s
18:37:30 | INFO: Starting glTF 2.0 export
18:37:30 | INFO: Starting glTF 2.0 export
18:37:31 | INFO: Extracting primitive: Mesh_0
18:37:31 | INFO: Extracting primitive: Mesh_0
18:37:32 | INFO: Primitives created: 1
18:37:32 | INFO: Primitives created: 1
18:37:32 | INFO: Finished glTF 2.0 export in 1.8279893398284912 s
18:37:32 | INFO: Finished glTF 2.0 export in 1.8279893398284912 s

[RAFT] RESCALED (1.0, 1.0, 1.0) -> 0.01, written to model_scaled.glb
18:37:32 | INFO: Data are loaded, start creating Blender stuff
18:37:32 | INFO: Data are loaded, start creating Blender stuff
18:37:32 | INFO: Blender create Mesh node 0
18:37:32 | INFO: Blender create Mesh node 0
18:37:33 | INFO: glTF import finished in 0.39s
18:37:33 | INFO: glTF import finished in 0.39s
18:37:33 | INFO: Starting glTF 2.0 export
18:37:33 | INFO: Starting glTF 2.0 export
18:37:33 | INFO: Extracting primitive: Mesh_0
18:37:33 | INFO: Extracting primitive: Mesh_0
18:37:33 | INFO: Primitives created: 1
18:37:33 | INFO: Primitives created: 1
18:37:33 | INFO: Finished glTF 2.0 export in 0.48554563522338867 s
18:37:33 | INFO: Finished glTF 2.0 export in 0.48554563522338867 s

[ROC] RESCALED (1.0, 1.0, 1.0) -> 0.01, written to model_scaled.glb
18:37:33 | INFO: Data are loaded, start creating Blender stuff
18:37:33 | INFO: Data are loaded, start creating Blender stuff
18:37:33 | INFO: Blender create Mesh node 0
18:37:33 | INFO: Blender create Mesh node 0
18:37:34 | INFO: glTF import finished in 0.48s
18:37:34 | INFO: glTF import finished in 0.48s
18:37:34 | INFO: Starting glTF 2.0 export
18:37:34 | INFO: Starting glTF 2.0 export
18:37:34 | INFO: Extracting primitive: Mesh_0
18:37:34 | INFO: Extracting primitive: Mesh_0
18:37:34 | INFO: Primitives created: 1
18:37:34 | INFO: Primitives created: 1
18:37:34 | INFO: Finished glTF 2.0 export in 0.6131739616394043 s
18:37:34 | INFO: Finished glTF 2.0 export in 0.6131739616394043 s

[ROC-DS] RESCALED (1.0, 1.0, 1.0) -> 0.01, written to model_scaled.glb
18:37:34 | INFO: Data are loaded, start creating Blender stuff
18:37:34 | INFO: Data are loaded, start creating Blender stuff
18:37:34 | INFO: Blender create Mesh node 0
18:37:34 | INFO: Blender create Mesh node 0
18:37:35 | INFO: glTF import finished in 1.02s
18:37:35 | INFO: glTF import finished in 1.02s
18:37:35 | INFO: Starting glTF 2.0 export
18:37:35 | INFO: Starting glTF 2.0 export
18:37:36 | INFO: Extracting primitive: Mesh_0
18:37:36 | INFO: Extracting primitive: Mesh_0
18:37:36 | INFO: Primitives created: 1
18:37:36 | INFO: Primitives created: 1
18:37:37 | INFO: Finished glTF 2.0 export in 1.2266287803649902 s
18:37:37 | INFO: Finished glTF 2.0 export in 1.2266287803649902 s

[Railen] RESCALED (1.0, 1.0, 1.0) -> 0.01, written to model_scaled.glb
18:37:37 | INFO: Data are loaded, start creating Blender stuff
18:37:37 | INFO: Data are loaded, start creating Blender stuff
18:37:37 | INFO: Blender create Mesh node 0
18:37:37 | INFO: Blender create Mesh node 0
18:37:38 | INFO: glTF import finished in 1.01s
18:37:38 | INFO: glTF import finished in 1.01s
18:37:38 | INFO: Starting glTF 2.0 export
18:37:38 | INFO: Starting glTF 2.0 export
18:37:38 | INFO: Extracting primitive: Mesh_0
18:37:38 | INFO: Extracting primitive: Mesh_0
18:37:39 | INFO: Primitives created: 1
18:37:39 | INFO: Primitives created: 1
18:37:39 | INFO: Finished glTF 2.0 export in 1.388251543045044 s
18:37:39 | INFO: Finished glTF 2.0 export in 1.388251543045044 s

[Ranger CV] RESCALED (1.0, 1.0, 1.0) -> 0.01, written to model_scaled.glb
18:37:39 | INFO: Data are loaded, start creating Blender stuff
18:37:39 | INFO: Data are loaded, start creating Blender stuff
18:37:39 | INFO: Blender create Mesh node 0
18:37:39 | INFO: Blender create Mesh node 0
18:37:40 | INFO: glTF import finished in 1.19s
18:37:40 | INFO: glTF import finished in 1.19s
18:37:40 | INFO: Starting glTF 2.0 export
18:37:40 | INFO: Starting glTF 2.0 export
18:37:41 | INFO: Extracting primitive: Mesh_0
18:37:41 | INFO: Extracting primitive: Mesh_0
18:37:42 | INFO: Primitives created: 1
18:37:42 | INFO: Primitives created: 1
18:37:42 | INFO: Finished glTF 2.0 export in 1.5726909637451172 s
18:37:42 | INFO: Finished glTF 2.0 export in 1.5726909637451172 s

[Ranger RC] RESCALED (1.0, 1.0, 1.0) -> 0.01, written to model_scaled.glb
18:37:42 | INFO: Data are loaded, start creating Blender stuff
18:37:42 | INFO: Data are loaded, start creating Blender stuff
18:37:42 | INFO: Blender create Mesh node 0
18:37:42 | INFO: Blender create Mesh node 0
18:37:43 | INFO: glTF import finished in 1.16s
18:37:43 | INFO: glTF import finished in 1.16s
18:37:43 | INFO: Starting glTF 2.0 export
18:37:43 | INFO: Starting glTF 2.0 export
18:37:43 | INFO: Extracting primitive: Mesh_0
18:37:43 | INFO: Extracting primitive: Mesh_0
18:37:45 | INFO: Primitives created: 1
18:37:45 | INFO: Primitives created: 1
18:37:45 | INFO: Finished glTF 2.0 export in 1.4997687339782715 s
18:37:45 | INFO: Finished glTF 2.0 export in 1.4997687339782715 s

[Ranger TR] RESCALED (1.0, 1.0, 1.0) -> 0.01, written to model_scaled.glb
18:37:45 | INFO: Data are loaded, start creating Blender stuff
18:37:45 | INFO: Data are loaded, start creating Blender stuff
18:37:45 | INFO: Blender create Mesh node 0
18:37:45 | INFO: Blender create Mesh node 0
18:37:45 | INFO: glTF import finished in 0.19s
18:37:45 | INFO: glTF import finished in 0.19s
18:37:45 | INFO: Starting glTF 2.0 export
18:37:45 | INFO: Starting glTF 2.0 export
18:37:45 | INFO: Extracting primitive: Mesh_0
18:37:45 | INFO: Extracting primitive: Mesh_0
18:37:45 | INFO: Primitives created: 1
18:37:45 | INFO: Primitives created: 1
18:37:45 | INFO: Finished glTF 2.0 export in 0.23307323455810547 s
18:37:45 | INFO: Finished glTF 2.0 export in 0.23307323455810547 s

[Razor] RESCALED (1.0, 1.0, 1.0) -> 0.01, written to model_scaled.glb
18:37:45 | INFO: Data are loaded, start creating Blender stuff
18:37:45 | INFO: Data are loaded, start creating Blender stuff
18:37:45 | INFO: Blender create Mesh node 0
18:37:45 | INFO: Blender create Mesh node 0
18:37:46 | INFO: glTF import finished in 0.31s
18:37:46 | INFO: glTF import finished in 0.31s
18:37:46 | INFO: Starting glTF 2.0 export
18:37:46 | INFO: Starting glTF 2.0 export
18:37:46 | INFO: Extracting primitive: Mesh_0
18:37:46 | INFO: Extracting primitive: Mesh_0
18:37:46 | INFO: Primitives created: 1
18:37:46 | INFO: Primitives created: 1
18:37:46 | INFO: Finished glTF 2.0 export in 0.41356658935546875 s
18:37:46 | INFO: Finished glTF 2.0 export in 0.41356658935546875 s

[Razor EX] RESCALED (1.0, 1.0, 1.0) -> 0.01, written to model_scaled.glb
18:37:46 | INFO: Data are loaded, start creating Blender stuff
18:37:46 | INFO: Data are loaded, start creating Blender stuff
18:37:46 | INFO: Blender create Mesh node 0
18:37:46 | INFO: Blender create Mesh node 0
18:37:46 | INFO: glTF import finished in 0.31s
18:37:46 | INFO: glTF import finished in 0.31s
18:37:46 | INFO: Starting glTF 2.0 export
18:37:46 | INFO: Starting glTF 2.0 export
18:37:46 | INFO: Extracting primitive: Mesh_0
18:37:46 | INFO: Extracting primitive: Mesh_0
18:37:47 | INFO: Primitives created: 1
18:37:47 | INFO: Primitives created: 1
18:37:47 | INFO: Finished glTF 2.0 export in 0.4183659553527832 s
18:37:47 | INFO: Finished glTF 2.0 export in 0.4183659553527832 s

[Razor LX] RESCALED (1.0, 1.0, 1.0) -> 0.01, written to model_scaled.glb
18:37:47 | INFO: Data are loaded, start creating Blender stuff
18:37:47 | INFO: Data are loaded, start creating Blender stuff
18:37:47 | INFO: Blender create Mesh node 0
18:37:47 | INFO: Blender create Mesh node 0
18:37:48 | INFO: glTF import finished in 1.41s
18:37:48 | INFO: glTF import finished in 1.41s
18:37:48 | INFO: Starting glTF 2.0 export
18:37:48 | INFO: Starting glTF 2.0 export
18:37:49 | INFO: Extracting primitive: Mesh_0
18:37:49 | INFO: Extracting primitive: Mesh_0
18:37:50 | INFO: Primitives created: 1
18:37:50 | INFO: Primitives created: 1
18:37:50 | INFO: Finished glTF 2.0 export in 1.6225063800811768 s
18:37:50 | INFO: Finished glTF 2.0 export in 1.6225063800811768 s

[Reclaimer] RESCALED (1.0, 1.0, 1.0) -> 0.01, written to model_scaled.glb
18:37:50 | INFO: Data are loaded, start creating Blender stuff
18:37:50 | INFO: Data are loaded, start creating Blender stuff
18:37:50 | INFO: Blender create Mesh node 0
18:37:50 | INFO: Blender create Mesh node 0
18:37:51 | INFO: glTF import finished in 1.33s
18:37:51 | INFO: glTF import finished in 1.33s
18:37:51 | INFO: Starting glTF 2.0 export
18:37:51 | INFO: Starting glTF 2.0 export
18:37:52 | INFO: Extracting primitive: Mesh_0
18:37:52 | INFO: Extracting primitive: Mesh_0
18:37:53 | INFO: Primitives created: 1
18:37:53 | INFO: Primitives created: 1
18:37:53 | INFO: Finished glTF 2.0 export in 1.7345595359802246 s
18:37:53 | INFO: Finished glTF 2.0 export in 1.7345595359802246 s

[Reclaimer Best In Show Edition 2949] RESCALED (1.0, 1.0, 1.0) -> 0.01, written to model_scaled.glb
18:37:53 | INFO: Data are loaded, start creating Blender stuff
18:37:53 | INFO: Data are loaded, start creating Blender stuff
18:37:53 | INFO: Blender create Mesh node 0
18:37:53 | INFO: Blender create Mesh node 0
18:37:55 | INFO: glTF import finished in 1.44s
18:37:55 | INFO: glTF import finished in 1.44s
18:37:55 | INFO: Starting glTF 2.0 export
18:37:55 | INFO: Starting glTF 2.0 export
18:37:55 | INFO: Extracting primitive: Mesh_0
18:37:55 | INFO: Extracting primitive: Mesh_0
18:37:57 | INFO: Primitives created: 1
18:37:57 | INFO: Primitives created: 1
18:37:57 | INFO: Finished glTF 2.0 export in 2.026562452316284 s
18:37:57 | INFO: Finished glTF 2.0 export in 2.026562452316284 s

[Redeemer] RESCALED (1.0, 1.0, 1.0) -> 0.01, written to model_scaled.glb
18:37:57 | INFO: Data are loaded, start creating Blender stuff
18:37:57 | INFO: Data are loaded, start creating Blender stuff
18:37:57 | INFO: Blender create Mesh node 0
18:37:57 | INFO: Blender create Mesh node 0
18:37:57 | INFO: glTF import finished in 0.32s
18:37:57 | INFO: glTF import finished in 0.32s
18:37:57 | INFO: Starting glTF 2.0 export
18:37:57 | INFO: Starting glTF 2.0 export
18:37:57 | INFO: Extracting primitive: Mesh_0
18:37:57 | INFO: Extracting primitive: Mesh_0
18:37:57 | INFO: Primitives created: 1
18:37:57 | INFO: Primitives created: 1
18:37:58 | INFO: Finished glTF 2.0 export in 0.3465561866760254 s
18:37:58 | INFO: Finished glTF 2.0 export in 0.3465561866760254 s

[Reliant Kore] RESCALED (1.0, 1.0, 1.0) -> 0.01, written to model_scaled.glb
18:37:58 | INFO: Data are loaded, start creating Blender stuff
18:37:58 | INFO: Data are loaded, start creating Blender stuff
18:37:58 | INFO: Blender create Mesh node 0
18:37:58 | INFO: Blender create Mesh node 0
18:37:58 | INFO: glTF import finished in 0.42s
18:37:58 | INFO: glTF import finished in 0.42s
18:37:58 | INFO: Starting glTF 2.0 export
18:37:58 | INFO: Starting glTF 2.0 export
18:37:58 | INFO: Extracting primitive: Mesh_0
18:37:58 | INFO: Extracting primitive: Mesh_0
18:37:59 | INFO: Primitives created: 1
18:37:59 | INFO: Primitives created: 1
18:37:59 | INFO: Finished glTF 2.0 export in 0.5663816928863525 s
18:37:59 | INFO: Finished glTF 2.0 export in 0.5663816928863525 s

[Reliant Mako] RESCALED (1.0, 1.0, 1.0) -> 0.01, written to model_scaled.glb
18:37:59 | INFO: Data are loaded, start creating Blender stuff
18:37:59 | INFO: Data are loaded, start creating Blender stuff
18:37:59 | INFO: Blender create Mesh node 0
18:37:59 | INFO: Blender create Mesh node 0
18:37:59 | INFO: glTF import finished in 0.42s
18:37:59 | INFO: glTF import finished in 0.42s
18:37:59 | INFO: Starting glTF 2.0 export
18:37:59 | INFO: Starting glTF 2.0 export
18:37:59 | INFO: Extracting primitive: Mesh_0
18:37:59 | INFO: Extracting primitive: Mesh_0
18:38:00 | INFO: Primitives created: 1
18:38:00 | INFO: Primitives created: 1
18:38:00 | INFO: Finished glTF 2.0 export in 0.46872448921203613 s
18:38:00 | INFO: Finished glTF 2.0 export in 0.46872448921203613 s

[Reliant Sen] RESCALED (1.0, 1.0, 1.0) -> 0.01, written to model_scaled.glb
18:38:00 | INFO: Data are loaded, start creating Blender stuff
18:38:00 | INFO: Data are loaded, start creating Blender stuff
18:38:00 | INFO: Blender create Mesh node 0
18:38:00 | INFO: Blender create Mesh node 0
18:38:00 | INFO: glTF import finished in 0.39s
18:38:00 | INFO: glTF import finished in 0.39s
18:38:00 | INFO: Starting glTF 2.0 export
18:38:00 | INFO: Starting glTF 2.0 export
18:38:00 | INFO: Extracting primitive: Mesh_0
18:38:00 | INFO: Extracting primitive: Mesh_0
18:38:01 | INFO: Primitives created: 1
18:38:01 | INFO: Primitives created: 1
18:38:01 | INFO: Finished glTF 2.0 export in 0.5678615570068359 s
18:38:01 | INFO: Finished glTF 2.0 export in 0.5678615570068359 s

[Reliant Tana] RESCALED (1.0, 1.0, 1.0) -> 0.01, written to model_scaled.glb
18:38:01 | INFO: Data are loaded, start creating Blender stuff
18:38:01 | INFO: Data are loaded, start creating Blender stuff
18:38:01 | INFO: Blender create Mesh node 0
18:38:01 | INFO: Blender create Mesh node 0
18:38:01 | INFO: glTF import finished in 0.70s
18:38:01 | INFO: glTF import finished in 0.70s
18:38:01 | INFO: Starting glTF 2.0 export
18:38:01 | INFO: Starting glTF 2.0 export
18:38:02 | INFO: Extracting primitive: Mesh_0
18:38:02 | INFO: Extracting primitive: Mesh_0
18:38:02 | INFO: Primitives created: 1
18:38:02 | INFO: Primitives created: 1
18:38:02 | INFO: Finished glTF 2.0 export in 0.6914796829223633 s
18:38:02 | INFO: Finished glTF 2.0 export in 0.6914796829223633 s

[Retaliator] RESCALED (1.0, 1.0, 1.0) -> 0.01, written to model_scaled.glb
18:38:02 | INFO: Data are loaded, start creating Blender stuff
18:38:02 | INFO: Data are loaded, start creating Blender stuff
18:38:02 | INFO: Blender create Mesh node 0
18:38:02 | INFO: Blender create Mesh node 0
18:38:04 | INFO: glTF import finished in 1.46s
18:38:04 | INFO: glTF import finished in 1.46s
18:38:04 | INFO: Starting glTF 2.0 export
18:38:04 | INFO: Starting glTF 2.0 export
18:38:04 | INFO: Extracting primitive: Mesh_0
18:38:04 | INFO: Extracting primitive: Mesh_0
18:38:06 | INFO: Primitives created: 1
18:38:06 | INFO: Primitives created: 1
18:38:06 | INFO: Finished glTF 2.0 export in 2.000678300857544 s
18:38:06 | INFO: Finished glTF 2.0 export in 2.000678300857544 s

[SRV] RESCALED (1.0, 1.0, 1.0) -> 0.01, written to model_scaled.glb
18:38:06 | INFO: Data are loaded, start creating Blender stuff
18:38:06 | INFO: Data are loaded, start creating Blender stuff
18:38:06 | INFO: Blender create Mesh node 0
18:38:06 | INFO: Blender create Mesh node 0
18:38:06 | INFO: glTF import finished in 0.48s
18:38:06 | INFO: glTF import finished in 0.48s
18:38:06 | INFO: Starting glTF 2.0 export
18:38:06 | INFO: Starting glTF 2.0 export
18:38:06 | INFO: Extracting primitive: Mesh_0
18:38:06 | INFO: Extracting primitive: Mesh_0
18:38:07 | INFO: Primitives created: 1
18:38:07 | INFO: Primitives created: 1
18:38:07 | INFO: Finished glTF 2.0 export in 0.6422891616821289 s
18:38:07 | INFO: Finished glTF 2.0 export in 0.6422891616821289 s

[STV] RESCALED (1.0, 1.0, 1.0) -> 0.01, written to model_scaled.glb
18:38:07 | INFO: Data are loaded, start creating Blender stuff
18:38:07 | INFO: Data are loaded, start creating Blender stuff
18:38:07 | INFO: Blender create Mesh node 0
18:38:07 | INFO: Blender create Mesh node 0
18:38:08 | INFO: glTF import finished in 0.98s
18:38:08 | INFO: glTF import finished in 0.98s
18:38:08 | INFO: Starting glTF 2.0 export
18:38:08 | INFO: Starting glTF 2.0 export
18:38:08 | INFO: Extracting primitive: Mesh_0
18:38:08 | INFO: Extracting primitive: Mesh_0
18:38:09 | INFO: Primitives created: 1
18:38:09 | INFO: Primitives created: 1
18:38:09 | INFO: Finished glTF 2.0 export in 1.261765718460083 s
18:38:09 | INFO: Finished glTF 2.0 export in 1.261765718460083 s

[Sabre] RESCALED (1.0, 1.0, 1.0) -> 0.01, written to model_scaled.glb
18:38:09 | INFO: Data are loaded, start creating Blender stuff
18:38:09 | INFO: Data are loaded, start creating Blender stuff
18:38:09 | INFO: Blender create Mesh node 0
18:38:09 | INFO: Blender create Mesh node 0
18:38:11 | INFO: glTF import finished in 1.06s
18:38:11 | INFO: glTF import finished in 1.06s
18:38:11 | INFO: Starting glTF 2.0 export
18:38:11 | INFO: Starting glTF 2.0 export
18:38:11 | INFO: Extracting primitive: Mesh_0
18:38:11 | INFO: Extracting primitive: Mesh_0
18:38:12 | INFO: Primitives created: 1
18:38:12 | INFO: Primitives created: 1
18:38:12 | INFO: Finished glTF 2.0 export in 1.2604780197143555 s
18:38:12 | INFO: Finished glTF 2.0 export in 1.2604780197143555 s

[Sabre Comet] RESCALED (1.0, 1.0, 1.0) -> 0.01, written to model_scaled.glb
18:38:12 | INFO: Data are loaded, start creating Blender stuff
18:38:12 | INFO: Data are loaded, start creating Blender stuff
18:38:12 | INFO: Blender create Mesh node 0
18:38:12 | INFO: Blender create Mesh node 0
18:38:12 | INFO: glTF import finished in 0.47s
18:38:12 | INFO: glTF import finished in 0.47s
18:38:12 | INFO: Starting glTF 2.0 export
18:38:12 | INFO: Starting glTF 2.0 export
18:38:12 | INFO: Extracting primitive: Mesh_0
18:38:12 | INFO: Extracting primitive: Mesh_0
18:38:13 | INFO: Primitives created: 1
18:38:13 | INFO: Primitives created: 1
18:38:13 | INFO: Finished glTF 2.0 export in 0.5460093021392822 s
18:38:13 | INFO: Finished glTF 2.0 export in 0.5460093021392822 s

[Sabre Firebird] RESCALED (1.0, 1.0, 1.0) -> 0.01, written to model_scaled.glb
18:38:13 | INFO: Data are loaded, start creating Blender stuff
18:38:13 | INFO: Data are loaded, start creating Blender stuff
18:38:13 | INFO: Blender create Mesh node 0
18:38:13 | INFO: Blender create Mesh node 0
18:38:13 | INFO: glTF import finished in 0.24s
18:38:13 | INFO: glTF import finished in 0.24s
18:38:13 | INFO: Starting glTF 2.0 export
18:38:13 | INFO: Starting glTF 2.0 export
18:38:13 | INFO: Extracting primitive: Mesh_0
18:38:13 | INFO: Extracting primitive: Mesh_0
18:38:14 | INFO: Primitives created: 1
18:38:14 | INFO: Primitives created: 1
18:38:14 | INFO: Finished glTF 2.0 export in 0.29404330253601074 s
18:38:14 | INFO: Finished glTF 2.0 export in 0.29404330253601074 s

[Sabre Peregrine] RESCALED (1.0, 1.0, 1.0) -> 0.01, written to model_scaled.glb
18:38:14 | INFO: Data are loaded, start creating Blender stuff
18:38:14 | INFO: Data are loaded, start creating Blender stuff
18:38:14 | INFO: Blender create Mesh node 0
18:38:14 | INFO: Blender create Mesh node 0
18:38:14 | INFO: glTF import finished in 0.60s
18:38:14 | INFO: glTF import finished in 0.60s
18:38:14 | INFO: Starting glTF 2.0 export
18:38:14 | INFO: Starting glTF 2.0 export
18:38:14 | INFO: Extracting primitive: Mesh_0
18:38:14 | INFO: Extracting primitive: Mesh_0
18:38:15 | INFO: Primitives created: 1
18:38:15 | INFO: Primitives created: 1
18:38:15 | INFO: Finished glTF 2.0 export in 0.7243521213531494 s
18:38:15 | INFO: Finished glTF 2.0 export in 0.7243521213531494 s

[Sabre Raven] RESCALED (1.0, 1.0, 1.0) -> 0.01, written to model_scaled.glb
18:38:15 | INFO: Data are loaded, start creating Blender stuff
18:38:15 | INFO: Data are loaded, start creating Blender stuff
18:38:15 | INFO: Blender create Mesh node 0
18:38:15 | INFO: Blender create Mesh node 0
18:38:16 | INFO: glTF import finished in 0.61s
18:38:16 | INFO: glTF import finished in 0.61s
18:38:16 | INFO: Starting glTF 2.0 export
18:38:16 | INFO: Starting glTF 2.0 export
18:38:16 | INFO: Extracting primitive: Mesh_0
18:38:16 | INFO: Extracting primitive: Mesh_0
18:38:16 | INFO: Primitives created: 1
18:38:16 | INFO: Primitives created: 1
18:38:16 | INFO: Finished glTF 2.0 export in 0.731271505355835 s
18:38:16 | INFO: Finished glTF 2.0 export in 0.731271505355835 s

[Salvation] RESCALED (1.0, 1.0, 1.0) -> 0.01, written to model_scaled.glb
18:38:17 | INFO: Data are loaded, start creating Blender stuff
18:38:17 | INFO: Data are loaded, start creating Blender stuff
18:38:17 | INFO: Blender create Mesh node 0
18:38:17 | INFO: Blender create Mesh node 0
18:38:17 | INFO: glTF import finished in 0.88s
18:38:17 | INFO: glTF import finished in 0.88s
18:38:17 | INFO: Starting glTF 2.0 export
18:38:17 | INFO: Starting glTF 2.0 export
18:38:18 | INFO: Extracting primitive: Mesh_0
18:38:18 | INFO: Extracting primitive: Mesh_0
18:38:18 | INFO: Primitives created: 1
18:38:18 | INFO: Primitives created: 1
18:38:19 | INFO: Finished glTF 2.0 export in 1.1328132152557373 s
18:38:19 | INFO: Finished glTF 2.0 export in 1.1328132152557373 s

[San'tok.yāi] RESCALED (1.0, 1.0, 1.0) -> 0.01, written to model_scaled.glb
18:38:19 | INFO: Data are loaded, start creating Blender stuff
18:38:19 | INFO: Data are loaded, start creating Blender stuff
18:38:19 | INFO: Blender create Mesh node 0
18:38:19 | INFO: Blender create Mesh node 0
18:38:20 | INFO: glTF import finished in 1.08s
18:38:20 | INFO: glTF import finished in 1.08s
18:38:20 | INFO: Starting glTF 2.0 export
18:38:20 | INFO: Starting glTF 2.0 export
18:38:20 | INFO: Extracting primitive: Mesh_0
18:38:20 | INFO: Extracting primitive: Mesh_0
18:38:21 | INFO: Primitives created: 1
18:38:21 | INFO: Primitives created: 1
18:38:21 | INFO: Finished glTF 2.0 export in 1.5200700759887695 s
18:38:21 | INFO: Finished glTF 2.0 export in 1.5200700759887695 s

[Scorpius] RESCALED (1.0, 1.0, 1.0) -> 0.01, written to model_scaled.glb
18:38:21 | INFO: Data are loaded, start creating Blender stuff
18:38:21 | INFO: Data are loaded, start creating Blender stuff
18:38:21 | INFO: Blender create Mesh node 0
18:38:21 | INFO: Blender create Mesh node 0
18:38:23 | INFO: glTF import finished in 1.23s
18:38:23 | INFO: glTF import finished in 1.23s
18:38:23 | INFO: Starting glTF 2.0 export
18:38:23 | INFO: Starting glTF 2.0 export
18:38:23 | INFO: Extracting primitive: Mesh_0
18:38:23 | INFO: Extracting primitive: Mesh_0
18:38:24 | INFO: Primitives created: 1
18:38:24 | INFO: Primitives created: 1
18:38:24 | INFO: Finished glTF 2.0 export in 1.5153100490570068 s
18:38:24 | INFO: Finished glTF 2.0 export in 1.5153100490570068 s

[Scorpius Antares] RESCALED (1.0, 1.0, 1.0) -> 0.01, written to model_scaled.glb
18:38:24 | INFO: Data are loaded, start creating Blender stuff
18:38:24 | INFO: Data are loaded, start creating Blender stuff
18:38:24 | INFO: Blender create Mesh node 0
18:38:24 | INFO: Blender create Mesh node 0
18:38:25 | INFO: glTF import finished in 0.51s
18:38:25 | INFO: glTF import finished in 0.51s
18:38:25 | INFO: Starting glTF 2.0 export
18:38:25 | INFO: Starting glTF 2.0 export
18:38:25 | INFO: Extracting primitive: Mesh_0
18:38:25 | INFO: Extracting primitive: Mesh_0
18:38:25 | INFO: Primitives created: 1
18:38:25 | INFO: Primitives created: 1
18:38:25 | INFO: Finished glTF 2.0 export in 0.6061770915985107 s
18:38:25 | INFO: Finished glTF 2.0 export in 0.6061770915985107 s

[Scythe] RESCALED (1.0, 1.0, 1.0) -> 0.01, written to model_scaled.glb
18:38:25 | INFO: Data are loaded, start creating Blender stuff
18:38:25 | INFO: Data are loaded, start creating Blender stuff
18:38:25 | INFO: Blender create Mesh node 0
18:38:25 | INFO: Blender create Mesh node 0
18:38:26 | INFO: glTF import finished in 0.79s
18:38:26 | INFO: glTF import finished in 0.79s
18:38:26 | INFO: Starting glTF 2.0 export
18:38:26 | INFO: Starting glTF 2.0 export
18:38:26 | INFO: Extracting primitive: Mesh_0
18:38:26 | INFO: Extracting primitive: Mesh_0
18:38:27 | INFO: Primitives created: 1
18:38:27 | INFO: Primitives created: 1
18:38:27 | INFO: Finished glTF 2.0 export in 0.9150285720825195 s
18:38:27 | INFO: Finished glTF 2.0 export in 0.9150285720825195 s

[Shiv] RESCALED (1.0, 1.0, 1.0) -> 0.01, written to model_scaled.glb
18:38:27 | INFO: Data are loaded, start creating Blender stuff
18:38:27 | INFO: Data are loaded, start creating Blender stuff
18:38:27 | INFO: Blender create Mesh node 0
18:38:27 | INFO: Blender create Mesh node 0
18:38:28 | INFO: glTF import finished in 0.37s
18:38:28 | INFO: glTF import finished in 0.37s
18:38:28 | INFO: Starting glTF 2.0 export
18:38:28 | INFO: Starting glTF 2.0 export
18:38:28 | INFO: Extracting primitive: Mesh_0
18:38:28 | INFO: Extracting primitive: Mesh_0
18:38:28 | INFO: Primitives created: 1
18:38:28 | INFO: Primitives created: 1
18:38:28 | INFO: Finished glTF 2.0 export in 0.47701263427734375 s
18:38:28 | INFO: Finished glTF 2.0 export in 0.47701263427734375 s

[Spartan] RESCALED (1.0, 1.0, 1.0) -> 0.01, written to model_scaled.glb
18:38:28 | INFO: Data are loaded, start creating Blender stuff
18:38:28 | INFO: Data are loaded, start creating Blender stuff
18:38:28 | INFO: Blender create Mesh node 0
18:38:28 | INFO: Blender create Mesh node 0
18:38:29 | INFO: glTF import finished in 0.75s
18:38:29 | INFO: glTF import finished in 0.75s
18:38:29 | INFO: Starting glTF 2.0 export
18:38:29 | INFO: Starting glTF 2.0 export
18:38:29 | INFO: Extracting primitive: Mesh_0
18:38:29 | INFO: Extracting primitive: Mesh_0
18:38:30 | INFO: Primitives created: 1
18:38:30 | INFO: Primitives created: 1
18:38:30 | INFO: Finished glTF 2.0 export in 0.9552643299102783 s
18:38:30 | INFO: Finished glTF 2.0 export in 0.9552643299102783 s

[Starfarer] RESCALED (1.0, 1.0, 1.0) -> 0.01, written to model_scaled.glb
18:38:30 | INFO: Data are loaded, start creating Blender stuff
18:38:30 | INFO: Data are loaded, start creating Blender stuff
18:38:30 | INFO: Blender create Mesh node 0
18:38:30 | INFO: Blender create Mesh node 0
18:38:33 | INFO: glTF import finished in 2.54s
18:38:33 | INFO: glTF import finished in 2.54s
18:38:33 | INFO: Starting glTF 2.0 export
18:38:33 | INFO: Starting glTF 2.0 export
18:38:33 | INFO: Extracting primitive: Mesh_0
18:38:33 | INFO: Extracting primitive: Mesh_0
18:38:35 | INFO: Primitives created: 1
18:38:35 | INFO: Primitives created: 1
18:38:36 | INFO: Finished glTF 2.0 export in 2.937741756439209 s
18:38:36 | INFO: Finished glTF 2.0 export in 2.937741756439209 s

[Starfarer Gemini] RESCALED (1.0, 1.0, 1.0) -> 0.01, written to model_scaled.glb
18:38:36 | INFO: Data are loaded, start creating Blender stuff
18:38:36 | INFO: Data are loaded, start creating Blender stuff
18:38:36 | INFO: Blender create Mesh node 0
18:38:36 | INFO: Blender create Mesh node 0
18:38:37 | INFO: glTF import finished in 1.42s
18:38:37 | INFO: glTF import finished in 1.42s
18:38:37 | INFO: Starting glTF 2.0 export
18:38:37 | INFO: Starting glTF 2.0 export
18:38:37 | INFO: Extracting primitive: Mesh_0
18:38:37 | INFO: Extracting primitive: Mesh_0
18:38:39 | INFO: Primitives created: 1
18:38:39 | INFO: Primitives created: 1
18:38:39 | INFO: Finished glTF 2.0 export in 1.9548091888427734 s
18:38:39 | INFO: Finished glTF 2.0 export in 1.9548091888427734 s

[Starlancer MAX] RESCALED (1.0, 1.0, 1.0) -> 0.01, written to model_scaled.glb
18:38:39 | INFO: Data are loaded, start creating Blender stuff
18:38:39 | INFO: Data are loaded, start creating Blender stuff
18:38:39 | INFO: Blender create Mesh node 0
18:38:39 | INFO: Blender create Mesh node 0
18:38:41 | INFO: glTF import finished in 1.43s
18:38:41 | INFO: glTF import finished in 1.43s
18:38:41 | INFO: Starting glTF 2.0 export
18:38:41 | INFO: Starting glTF 2.0 export
18:38:41 | INFO: Extracting primitive: Mesh_0
18:38:41 | INFO: Extracting primitive: Mesh_0
18:38:42 | INFO: Primitives created: 1
18:38:42 | INFO: Primitives created: 1
18:38:42 | INFO: Finished glTF 2.0 export in 1.780109167098999 s
18:38:42 | INFO: Finished glTF 2.0 export in 1.780109167098999 s

[Starlancer TAC] RESCALED (1.0, 1.0, 1.0) -> 0.01, written to model_scaled.glb
18:38:42 | INFO: Data are loaded, start creating Blender stuff
18:38:42 | INFO: Data are loaded, start creating Blender stuff
18:38:42 | INFO: Blender create Mesh node 0
18:38:42 | INFO: Blender create Mesh node 0
18:38:43 | INFO: glTF import finished in 0.67s
18:38:43 | INFO: glTF import finished in 0.67s
18:38:43 | INFO: Starting glTF 2.0 export
18:38:43 | INFO: Starting glTF 2.0 export
18:38:43 | INFO: Extracting primitive: Mesh_0
18:38:43 | INFO: Extracting primitive: Mesh_0
18:38:44 | INFO: Primitives created: 1
18:38:44 | INFO: Primitives created: 1
18:38:44 | INFO: Finished glTF 2.0 export in 0.8357634544372559 s
18:38:44 | INFO: Finished glTF 2.0 export in 0.8357634544372559 s

[Stinger] RESCALED (1.0, 1.0, 1.0) -> 0.01, written to model_scaled.glb
18:38:44 | INFO: Data are loaded, start creating Blender stuff
18:38:44 | INFO: Data are loaded, start creating Blender stuff
18:38:44 | INFO: Blender create Mesh node 0
18:38:44 | INFO: Blender create Mesh node 0
18:38:45 | INFO: glTF import finished in 0.53s
18:38:45 | INFO: glTF import finished in 0.53s
18:38:45 | INFO: Starting glTF 2.0 export
18:38:45 | INFO: Starting glTF 2.0 export
18:38:45 | INFO: Extracting primitive: Mesh_0
18:38:45 | INFO: Extracting primitive: Mesh_0
18:38:45 | INFO: Primitives created: 1
18:38:45 | INFO: Primitives created: 1
18:38:45 | INFO: Finished glTF 2.0 export in 0.599623441696167 s
18:38:45 | INFO: Finished glTF 2.0 export in 0.599623441696167 s

[Storm] RESCALED (1.0, 1.0, 1.0) -> 0.01, written to model_scaled.glb
18:38:45 | INFO: Data are loaded, start creating Blender stuff
18:38:45 | INFO: Data are loaded, start creating Blender stuff
18:38:45 | INFO: Blender create Mesh node 0
18:38:45 | INFO: Blender create Mesh node 0
18:38:46 | INFO: glTF import finished in 0.43s
18:38:46 | INFO: glTF import finished in 0.43s
18:38:46 | INFO: Starting glTF 2.0 export
18:38:46 | INFO: Starting glTF 2.0 export
18:38:46 | INFO: Extracting primitive: Mesh_0
18:38:46 | INFO: Extracting primitive: Mesh_0
18:38:46 | INFO: Primitives created: 1
18:38:46 | INFO: Primitives created: 1
18:38:46 | INFO: Finished glTF 2.0 export in 0.6153533458709717 s
18:38:46 | INFO: Finished glTF 2.0 export in 0.6153533458709717 s

[Storm AA] RESCALED (1.0, 1.0, 1.0) -> 0.01, written to model_scaled.glb
18:38:46 | INFO: Data are loaded, start creating Blender stuff
18:38:46 | INFO: Data are loaded, start creating Blender stuff
18:38:46 | INFO: Blender create Mesh node 0
18:38:46 | INFO: Blender create Mesh node 0
18:38:47 | INFO: glTF import finished in 0.23s
18:38:47 | INFO: glTF import finished in 0.23s
18:38:47 | INFO: Starting glTF 2.0 export
18:38:47 | INFO: Starting glTF 2.0 export
18:38:47 | INFO: Extracting primitive: Mesh_0
18:38:47 | INFO: Extracting primitive: Mesh_0
18:38:47 | INFO: Primitives created: 1
18:38:47 | INFO: Primitives created: 1
18:38:47 | INFO: Finished glTF 2.0 export in 0.2852499485015869 s
18:38:47 | INFO: Finished glTF 2.0 export in 0.2852499485015869 s

[Syulen] RESCALED (1.0, 1.0, 1.0) -> 0.01, written to model_scaled.glb
18:38:47 | INFO: Data are loaded, start creating Blender stuff
18:38:47 | INFO: Data are loaded, start creating Blender stuff
18:38:47 | INFO: Blender create Mesh node 0
18:38:47 | INFO: Blender create Mesh node 0
18:38:48 | INFO: glTF import finished in 0.73s
18:38:48 | INFO: glTF import finished in 0.73s
18:38:48 | INFO: Starting glTF 2.0 export
18:38:48 | INFO: Starting glTF 2.0 export
18:38:48 | INFO: Extracting primitive: Mesh_0
18:38:48 | INFO: Extracting primitive: Mesh_0
18:38:49 | INFO: Primitives created: 1
18:38:49 | INFO: Primitives created: 1
18:38:49 | INFO: Finished glTF 2.0 export in 1.0413410663604736 s
18:38:49 | INFO: Finished glTF 2.0 export in 1.0413410663604736 s

[Talon] RESCALED (1.0, 1.0, 1.0) -> 0.01, written to model_scaled.glb
18:38:49 | INFO: Data are loaded, start creating Blender stuff
18:38:49 | INFO: Data are loaded, start creating Blender stuff
18:38:49 | INFO: Blender create Mesh node 0
18:38:49 | INFO: Blender create Mesh node 0
18:38:50 | INFO: glTF import finished in 0.72s
18:38:50 | INFO: glTF import finished in 0.72s
18:38:50 | INFO: Starting glTF 2.0 export
18:38:50 | INFO: Starting glTF 2.0 export
18:38:50 | INFO: Extracting primitive: Mesh_0
18:38:50 | INFO: Extracting primitive: Mesh_0
18:38:51 | INFO: Primitives created: 1
18:38:51 | INFO: Primitives created: 1
18:38:51 | INFO: Finished glTF 2.0 export in 0.978137731552124 s
18:38:51 | INFO: Finished glTF 2.0 export in 0.978137731552124 s

[Talon Shrike] RESCALED (1.0, 1.0, 1.0) -> 0.01, written to model_scaled.glb
18:38:51 | INFO: Data are loaded, start creating Blender stuff
18:38:51 | INFO: Data are loaded, start creating Blender stuff
18:38:51 | INFO: Blender create Mesh node 0
18:38:51 | INFO: Blender create Mesh node 0
18:38:51 | INFO: glTF import finished in 0.15s
18:38:51 | INFO: glTF import finished in 0.15s
18:38:51 | INFO: Starting glTF 2.0 export
18:38:51 | INFO: Starting glTF 2.0 export
18:38:51 | INFO: Extracting primitive: Mesh_0
18:38:51 | INFO: Extracting primitive: Mesh_0
18:38:51 | INFO: Primitives created: 1
18:38:51 | INFO: Primitives created: 1
18:38:51 | INFO: Finished glTF 2.0 export in 0.17716550827026367 s
18:38:51 | INFO: Finished glTF 2.0 export in 0.17716550827026367 s

[Terrapin] RESCALED (1.0, 1.0, 1.0) -> 0.01, written to model_scaled.glb
18:38:51 | INFO: Data are loaded, start creating Blender stuff
18:38:51 | INFO: Data are loaded, start creating Blender stuff
18:38:51 | INFO: Blender create Mesh node 0
18:38:51 | INFO: Blender create Mesh node 0
18:38:52 | INFO: glTF import finished in 0.56s
18:38:52 | INFO: glTF import finished in 0.56s
18:38:52 | INFO: Starting glTF 2.0 export
18:38:52 | INFO: Starting glTF 2.0 export
18:38:52 | INFO: Extracting primitive: Mesh_0
18:38:52 | INFO: Extracting primitive: Mesh_0
18:38:52 | INFO: Primitives created: 1
18:38:52 | INFO: Primitives created: 1
18:38:52 | INFO: Finished glTF 2.0 export in 0.6744861602783203 s
18:38:52 | INFO: Finished glTF 2.0 export in 0.6744861602783203 s

[Terrapin Medic] RESCALED (1.0, 1.0, 1.0) -> 0.01, written to model_scaled.glb
18:38:52 | INFO: Data are loaded, start creating Blender stuff
18:38:52 | INFO: Data are loaded, start creating Blender stuff
18:38:52 | INFO: Blender create Mesh node 0
18:38:52 | INFO: Blender create Mesh node 0
18:38:53 | INFO: glTF import finished in 0.20s
18:38:53 | INFO: glTF import finished in 0.20s
18:38:53 | INFO: Starting glTF 2.0 export
18:38:53 | INFO: Starting glTF 2.0 export
18:38:53 | INFO: Extracting primitive: Mesh_0
18:38:53 | INFO: Extracting primitive: Mesh_0
18:38:53 | INFO: Primitives created: 1
18:38:53 | INFO: Primitives created: 1
18:38:53 | INFO: Finished glTF 2.0 export in 0.23431730270385742 s
18:38:53 | INFO: Finished glTF 2.0 export in 0.23431730270385742 s

[Ursa] RESCALED (1.0, 1.0, 1.0) -> 0.01, written to model_scaled.glb
18:38:53 | INFO: Data are loaded, start creating Blender stuff
18:38:53 | INFO: Data are loaded, start creating Blender stuff
18:38:53 | INFO: Blender create Mesh node 0
18:38:53 | INFO: Blender create Mesh node 0
18:38:53 | INFO: glTF import finished in 0.20s
18:38:53 | INFO: glTF import finished in 0.20s
18:38:53 | INFO: Starting glTF 2.0 export
18:38:53 | INFO: Starting glTF 2.0 export
18:38:53 | INFO: Extracting primitive: Mesh_0
18:38:53 | INFO: Extracting primitive: Mesh_0
18:38:53 | INFO: Primitives created: 1
18:38:53 | INFO: Primitives created: 1
18:38:53 | INFO: Finished glTF 2.0 export in 0.2408430576324463 s
18:38:53 | INFO: Finished glTF 2.0 export in 0.2408430576324463 s

[Ursa Fortuna] RESCALED (1.0, 1.0, 1.0) -> 0.01, written to model_scaled.glb
18:38:53 | INFO: Data are loaded, start creating Blender stuff
18:38:53 | INFO: Data are loaded, start creating Blender stuff
18:38:53 | INFO: Blender create Mesh node 0
18:38:53 | INFO: Blender create Mesh node 0
18:38:54 | INFO: glTF import finished in 0.26s
18:38:54 | INFO: glTF import finished in 0.26s
18:38:54 | INFO: Starting glTF 2.0 export
18:38:54 | INFO: Starting glTF 2.0 export
18:38:54 | INFO: Extracting primitive: Mesh_0
18:38:54 | INFO: Extracting primitive: Mesh_0
18:38:54 | INFO: Primitives created: 1
18:38:54 | INFO: Primitives created: 1
18:38:54 | INFO: Finished glTF 2.0 export in 0.3235921859741211 s
18:38:54 | INFO: Finished glTF 2.0 export in 0.3235921859741211 s

[Ursa Medivac] RESCALED (1.0, 1.0, 1.0) -> 0.01, written to model_scaled.glb
18:38:54 | INFO: Data are loaded, start creating Blender stuff
18:38:54 | INFO: Data are loaded, start creating Blender stuff
18:38:54 | INFO: Blender create Mesh node 0
18:38:54 | INFO: Blender create Mesh node 0
18:38:55 | INFO: glTF import finished in 1.02s
18:38:55 | INFO: glTF import finished in 1.02s
18:38:55 | INFO: Starting glTF 2.0 export
18:38:55 | INFO: Starting glTF 2.0 export
18:38:55 | INFO: Extracting primitive: Mesh_0
18:38:55 | INFO: Extracting primitive: Mesh_0
18:38:56 | INFO: Primitives created: 1
18:38:56 | INFO: Primitives created: 1
18:38:57 | INFO: Finished glTF 2.0 export in 1.3707549571990967 s
18:38:57 | INFO: Finished glTF 2.0 export in 1.3707549571990967 s

[Valkyrie] RESCALED (1.0, 1.0, 1.0) -> 0.01, written to model_scaled.glb
18:38:57 | INFO: Data are loaded, start creating Blender stuff
18:38:57 | INFO: Data are loaded, start creating Blender stuff
18:38:57 | INFO: Blender create Mesh node 0
18:38:57 | INFO: Blender create Mesh node 0
18:38:58 | INFO: glTF import finished in 1.03s
18:38:58 | INFO: glTF import finished in 1.03s
18:38:58 | INFO: Starting glTF 2.0 export
18:38:58 | INFO: Starting glTF 2.0 export
18:38:58 | INFO: Extracting primitive: Mesh_0
18:38:58 | INFO: Extracting primitive: Mesh_0
18:38:59 | INFO: Primitives created: 1
18:38:59 | INFO: Primitives created: 1
18:38:59 | INFO: Finished glTF 2.0 export in 1.3904101848602295 s
18:38:59 | INFO: Finished glTF 2.0 export in 1.3904101848602295 s

[Valkyrie Liberator Edition] RESCALED (1.0, 1.0, 1.0) -> 0.01, written to model_scaled.glb
18:38:59 | INFO: Data are loaded, start creating Blender stuff
18:38:59 | INFO: Data are loaded, start creating Blender stuff
18:38:59 | INFO: Blender create Mesh node 0
18:38:59 | INFO: Blender create Mesh node 0
18:39:00 | INFO: glTF import finished in 0.52s
18:39:00 | INFO: glTF import finished in 0.52s
18:39:00 | INFO: Starting glTF 2.0 export
18:39:00 | INFO: Starting glTF 2.0 export
18:39:00 | INFO: Extracting primitive: Mesh_0
18:39:00 | INFO: Extracting primitive: Mesh_0
18:39:00 | INFO: Primitives created: 1
18:39:00 | INFO: Primitives created: 1
18:39:00 | INFO: Finished glTF 2.0 export in 0.6675388813018799 s
18:39:00 | INFO: Finished glTF 2.0 export in 0.6675388813018799 s

[Vanguard Harbinger] RESCALED (1.0, 1.0, 1.0) -> 0.01, written to model_scaled.glb
18:39:00 | INFO: Data are loaded, start creating Blender stuff
18:39:00 | INFO: Data are loaded, start creating Blender stuff
18:39:00 | INFO: Blender create Mesh node 0
18:39:00 | INFO: Blender create Mesh node 0
18:39:01 | INFO: glTF import finished in 0.66s
18:39:01 | INFO: glTF import finished in 0.66s
18:39:01 | INFO: Starting glTF 2.0 export
18:39:01 | INFO: Starting glTF 2.0 export
18:39:01 | INFO: Extracting primitive: Mesh_0
18:39:01 | INFO: Extracting primitive: Mesh_0
18:39:02 | INFO: Primitives created: 1
18:39:02 | INFO: Primitives created: 1
18:39:02 | INFO: Finished glTF 2.0 export in 0.7392735481262207 s
18:39:02 | INFO: Finished glTF 2.0 export in 0.7392735481262207 s

[Vanguard Hoplite] RESCALED (1.0, 1.0, 1.0) -> 0.01, written to model_scaled.glb
18:39:02 | INFO: Data are loaded, start creating Blender stuff
18:39:02 | INFO: Data are loaded, start creating Blender stuff
18:39:02 | INFO: Blender create Mesh node 0
18:39:02 | INFO: Blender create Mesh node 0
18:39:03 | INFO: glTF import finished in 0.62s
18:39:03 | INFO: glTF import finished in 0.62s
18:39:03 | INFO: Starting glTF 2.0 export
18:39:03 | INFO: Starting glTF 2.0 export
18:39:03 | INFO: Extracting primitive: Mesh_0
18:39:03 | INFO: Extracting primitive: Mesh_0
18:39:03 | INFO: Primitives created: 1
18:39:03 | INFO: Primitives created: 1
18:39:03 | INFO: Finished glTF 2.0 export in 0.8288478851318359 s
18:39:03 | INFO: Finished glTF 2.0 export in 0.8288478851318359 s

[Vanguard Sentinel] RESCALED (1.0, 1.0, 1.0) -> 0.01, written to model_scaled.glb
18:39:03 | INFO: Data are loaded, start creating Blender stuff
18:39:03 | INFO: Data are loaded, start creating Blender stuff
18:39:03 | INFO: Blender create Mesh node 0
18:39:03 | INFO: Blender create Mesh node 0
18:39:05 | INFO: glTF import finished in 1.27s
18:39:05 | INFO: glTF import finished in 1.27s
18:39:05 | INFO: Starting glTF 2.0 export
18:39:05 | INFO: Starting glTF 2.0 export
18:39:05 | INFO: Extracting primitive: Mesh_0
18:39:05 | INFO: Extracting primitive: Mesh_0
18:39:06 | INFO: Primitives created: 1
18:39:06 | INFO: Primitives created: 1
18:39:06 | INFO: Finished glTF 2.0 export in 1.5753366947174072 s
18:39:06 | INFO: Finished glTF 2.0 export in 1.5753366947174072 s

[Vanguard Warden] RESCALED (1.0, 1.0, 1.0) -> 0.01, written to model_scaled.glb
18:39:06 | INFO: Data are loaded, start creating Blender stuff
18:39:06 | INFO: Data are loaded, start creating Blender stuff
18:39:06 | INFO: Blender create Mesh node 0
18:39:06 | INFO: Blender create Mesh node 0
18:39:08 | INFO: glTF import finished in 1.95s
18:39:08 | INFO: glTF import finished in 1.95s
18:39:08 | INFO: Starting glTF 2.0 export
18:39:08 | INFO: Starting glTF 2.0 export
18:39:09 | INFO: Extracting primitive: Mesh_0
18:39:09 | INFO: Extracting primitive: Mesh_0
18:39:11 | INFO: Primitives created: 1
18:39:11 | INFO: Primitives created: 1
18:39:11 | INFO: Finished glTF 2.0 export in 2.5674057006835938 s
18:39:11 | INFO: Finished glTF 2.0 export in 2.5674057006835938 s

[Vulcan] RESCALED (1.0, 1.0, 1.0) -> 0.01, written to model_scaled.glb
18:39:11 | INFO: Data are loaded, start creating Blender stuff
18:39:11 | INFO: Data are loaded, start creating Blender stuff
18:39:11 | INFO: Blender create Mesh node 0
18:39:11 | INFO: Blender create Mesh node 0
18:39:12 | INFO: glTF import finished in 1.37s
18:39:12 | INFO: glTF import finished in 1.37s
18:39:12 | INFO: Starting glTF 2.0 export
18:39:12 | INFO: Starting glTF 2.0 export
18:39:13 | INFO: Extracting primitive: Mesh_0
18:39:13 | INFO: Extracting primitive: Mesh_0
18:39:14 | INFO: Primitives created: 1
18:39:14 | INFO: Primitives created: 1
18:39:14 | INFO: Finished glTF 2.0 export in 1.9333915710449219 s
18:39:14 | INFO: Finished glTF 2.0 export in 1.9333915710449219 s

[Vulture] RESCALED (1.0, 1.0, 1.0) -> 0.01, written to model_scaled.glb
18:39:14 | INFO: Data are loaded, start creating Blender stuff
18:39:14 | INFO: Data are loaded, start creating Blender stuff
18:39:14 | INFO: Blender create Mesh node 0
18:39:14 | INFO: Blender create Mesh node 0
18:39:16 | INFO: glTF import finished in 1.18s
18:39:16 | INFO: glTF import finished in 1.18s
18:39:16 | INFO: Starting glTF 2.0 export
18:39:16 | INFO: Starting glTF 2.0 export
18:39:16 | INFO: Extracting primitive: Mesh_0
18:39:16 | INFO: Extracting primitive: Mesh_0
18:39:17 | INFO: Primitives created: 1
18:39:17 | INFO: Primitives created: 1
18:39:17 | INFO: Finished glTF 2.0 export in 1.3356375694274902 s
18:39:17 | INFO: Finished glTF 2.0 export in 1.3356375694274902 s

[X1] RESCALED (1.0, 1.0, 1.0) -> 0.01, written to model_scaled.glb
18:39:17 | INFO: Data are loaded, start creating Blender stuff
18:39:17 | INFO: Data are loaded, start creating Blender stuff
18:39:17 | INFO: Blender create Mesh node 0
18:39:17 | INFO: Blender create Mesh node 0
18:39:18 | INFO: glTF import finished in 0.93s
18:39:18 | INFO: glTF import finished in 0.93s
18:39:18 | INFO: Starting glTF 2.0 export
18:39:18 | INFO: Starting glTF 2.0 export
18:39:18 | INFO: Extracting primitive: Mesh_0
18:39:18 | INFO: Extracting primitive: Mesh_0
18:39:19 | INFO: Primitives created: 1
18:39:19 | INFO: Primitives created: 1
18:39:19 | INFO: Finished glTF 2.0 export in 1.2723078727722168 s
18:39:19 | INFO: Finished glTF 2.0 export in 1.2723078727722168 s

[X1 Force] RESCALED (1.0, 1.0, 1.0) -> 0.01, written to model_scaled.glb
18:39:19 | INFO: Data are loaded, start creating Blender stuff
18:39:19 | INFO: Data are loaded, start creating Blender stuff
18:39:19 | INFO: Blender create Mesh node 0
18:39:19 | INFO: Blender create Mesh node 0
18:39:20 | INFO: glTF import finished in 0.60s
18:39:20 | INFO: glTF import finished in 0.60s
18:39:20 | INFO: Starting glTF 2.0 export
18:39:20 | INFO: Starting glTF 2.0 export
18:39:20 | INFO: Extracting primitive: Mesh_0
18:39:20 | INFO: Extracting primitive: Mesh_0
18:39:21 | INFO: Primitives created: 1
18:39:21 | INFO: Primitives created: 1
18:39:21 | INFO: Finished glTF 2.0 export in 0.7664377689361572 s
18:39:21 | INFO: Finished glTF 2.0 export in 0.7664377689361572 s

[X1 Velocity] RESCALED (1.0, 1.0, 1.0) -> 0.01, written to model_scaled.glb
18:39:21 | INFO: Data are loaded, start creating Blender stuff
18:39:21 | INFO: Data are loaded, start creating Blender stuff
18:39:21 | INFO: Blender create Mesh node 0
18:39:21 | INFO: Blender create Mesh node 0
18:39:21 | INFO: glTF import finished in 0.22s
18:39:21 | INFO: glTF import finished in 0.22s
18:39:21 | INFO: Starting glTF 2.0 export
18:39:21 | INFO: Starting glTF 2.0 export
18:39:21 | INFO: Extracting primitive: Mesh_0
18:39:21 | INFO: Extracting primitive: Mesh_0
18:39:21 | INFO: Primitives created: 1
18:39:21 | INFO: Primitives created: 1
18:39:21 | INFO: Finished glTF 2.0 export in 0.2755928039550781 s
18:39:21 | INFO: Finished glTF 2.0 export in 0.2755928039550781 s

[Zeus Mk II CL] RESCALED (1.0, 1.0, 1.0) -> 0.01, written to model_scaled.glb
18:39:21 | INFO: Data are loaded, start creating Blender stuff
18:39:21 | INFO: Data are loaded, start creating Blender stuff
18:39:21 | INFO: Blender create Mesh node 0
18:39:21 | INFO: Blender create Mesh node 0
18:39:22 | INFO: glTF import finished in 0.29s
18:39:22 | INFO: glTF import finished in 0.29s
18:39:22 | INFO: Starting glTF 2.0 export
18:39:22 | INFO: Starting glTF 2.0 export
18:39:22 | INFO: Extracting primitive: Mesh_0
18:39:22 | INFO: Extracting primitive: Mesh_0
18:39:22 | INFO: Primitives created: 1
18:39:22 | INFO: Primitives created: 1
18:39:22 | INFO: Finished glTF 2.0 export in 0.3523392677307129 s
18:39:22 | INFO: Finished glTF 2.0 export in 0.3523392677307129 s

[Zeus Mk II ES] RESCALED (1.0, 1.0, 1.0) -> 0.01, written to model_scaled.glb
18:39:22 | INFO: Data are loaded, start creating Blender stuff
18:39:22 | INFO: Data are loaded, start creating Blender stuff
18:39:22 | INFO: Blender create Mesh node 0
18:39:22 | INFO: Blender create Mesh node 0
18:39:22 | INFO: glTF import finished in 0.30s
18:39:22 | INFO: glTF import finished in 0.30s
18:39:22 | INFO: Starting glTF 2.0 export
18:39:22 | INFO: Starting glTF 2.0 export
18:39:22 | INFO: Extracting primitive: Mesh_0
18:39:22 | INFO: Extracting primitive: Mesh_0
18:39:23 | INFO: Primitives created: 1
18:39:23 | INFO: Primitives created: 1
18:39:23 | INFO: Finished glTF 2.0 export in 0.35143399238586426 s
18:39:23 | INFO: Finished glTF 2.0 export in 0.35143399238586426 s

[Zeus Mk II MR] RESCALED (1.0, 1.0, 1.0) -> 0.01, written to model_scaled.glb

=== SUMMARY ===
Total ships checked: 242
Already at 0.01: 0
Rescaled: 234
Missing model file: 7
Corrupt/unreadable: 1
Other errors: 0
Missing preview image (secondary): 0
Chassis cross-ref - auto-copied (high confidence): 4
Chassis cross-ref - ambiguous (needs a human pick): 1
Chassis cross-ref - no local candidate: 6

Full report written to model_rescale_report__20260730183923.json
Needs-review report written to _needs_review\model_rescale_missing_assets__20260730183923.md
Inbox update written to inbox\update_model_rescale_findings.md — will be folded into LATEST_HANDOFF.md on next regen
Blender 4.5.4 LTS (hash b3efe983cc58 built 2025-10-28 14:22:47)

Blender quit
